customer_id,weekly_budget,primary_day,adherence,topup_rate,price_sens,brand_affinity,card_type,w0,w1,w2,w3,w4,w5,w6,w7,w8,w9,w10,w11,token
0,77.08305296107879,2,0.8701934505713116,0.06916050087983862,1.0918067327292522,0.3557808041613419,False,0.061322537688033994,0.16860253630863797,0.07623406193084037,0.08079892094350953,0.04519802063455852,0.05752516492163453,0.017382728613231906,0.16123988448691287,0.12382513462187732,0.0330879959128343,0.040951500068498604,0.1338315138694302,C00000000
1,71.06521718288664,2,0.8740268316005096,0.056875520898583394,0.9662422467301806,0.7389605262034475,True,0.127373381877275,0.11005653863087207,0.08214352473919387,0.0218197767536625,0.05474153491939009,0.05228213752204322,0.03509006028356291,0.11449756373763509,0.16018248553078218,0.08849633867728948,0.05033892531442365,0.10297773201386978,C9E3779B1
2,112.99292367740173,3,0.8407480172859072,0.08352892207744772,0.8271867226791094,0.533056894030276,True,0.029615989482139466,0.07966585188646474,0.22631234392968527,0.13939960395490064,0.11393297040684709,0.01627764828894613,0.00858419352005496,0.12020792755449244,0.11403808421909038,0.017929446186045386,0.032964609717703666,0.10107133085362986,C3C6EF362
3,99.21619519951072,5,0.9661129603044709,0.1679851510119752,0.661179541059475,0.25572848340293386,False,0.05736980582069077,0.08264508930061026,0.0784477581688965,0.1745506551979209,0.1127141824214666,0.017778098535586616,0.004089074715779585,0.09888233590624883,0.14649420304026844,0.028480418996816,0.13418930160058234,0.06435907629513318,CDAA66D13
4,155.8276683120471,4,0.8113432152257961,0.05512762006998806,1.3904210512243362,0.6709703439777932,True,0.09484743797703964,0.13476612718445327,0.13624344766451663,0.0738937148402055,0.0509864884658644,0.05470104154048872,0.0009765581749874842,0.11965782978257455,0.18970811970545143,0.045841723334455894,0.010389330168745077,0.08798818116121734,C78DDE6C4
5,109.36676363797389,3,0.9364939418480575,0.09958012173614308,0.5511237928157674,0.33330859754530284,False,0.05828971700713906,0.01910837961955831,0.08099762933951338,0.21712959910865245,0.12830102582854822,0.02735883632992458,0.015057241295727143,0.086018648864949,0.18467894132745888,0.026524298620686587,0.017661616919815267,0.1388740657380271,C17156075
6,129.6884052320261,5,0.7915626045978404,0.08667163606367781,2.202255209551199,0.531419515450484,False,0.07624425120453605,0.06503105249308813,0.1946644385806852,0.04049871589839706,0.10731219244857014,0.06394712659305285,0.04025870114711898,0.14743797742267487,0.13869355999464886,0.020562544056345906,0.022751887915480322,0.08259755224540187,CB54CDA26
7,77.14103853697601,5,0.9376521256415765,0.3245038126659509,1.2292285508375067,0.5984338133924794,False,0.04833877212034576,0.05510968206303481,0.13263612785476792,0.201135905522133,0.10571670957355005,0.03544515466890745,0.0017964101013405764,0.06737610545710292,0.09501626858079375,0.10440654082312706,0.04597219124661176,0.107050131988285,C538453D7
8,84.46243914882945,0,0.9068543720901507,0.1614074782188775,1.1264409961366535,0.489298355074556,True,0.05977170216136925,0.12504778500586655,0.054118764086241763,0.09401015267358705,0.1317596308718666,0.03397967864292892,0.011878192540806215,0.21187175597683555,0.171043604421617,0.0028006375019000384,0.05556375472409381,0.048154341392887434,CF1BBCD88
9,61.90455059244983,3,0.7664453622837163,0.015055435393364694,1.0916279681306242,0.6500590546646704,True,0.007621020350847918,0.20960857797808585,0.08387230432928923,0.07817660903263343,0.06661822104099069,0.11733525502867208,0.0012581119621563987,0.1250101824973025,0.22478750884706822,0.0070271258017456815,0.026928679971282145,0.051756403159926044,C8FF34739
10,89.28289579484371,0,0.8387589907511974,0.0513381556099702,1.8401093832658644,0.7226191035745702,False,0.0642450774043033,0.025769953027321435,0.06350963630414383,0.18223096816980106,0.11014326050581756,0.07643060722448493,0.06179159991641608,0.07846998012207437,0.24418248466291004,0.037921416229209234,0.004204034344459333,0.051100982089058875,C2E2AC0EA
11,77.14700309634028,5,0.8523864600834758,0.12738145495340902,1.344985947688947,0.4209655862856781,True,0.059316411776578565,0.21781067830696668,0.07399966948920386,0.16577109173013282,0.11982559926912577,0.044407079270152,0.005476609907374769,0.08376718558633121,0.0757867790524099,0.009904006878362844,0.04686541396072698,0.09706947477263453,CCC623A9B
12,81.12492355757003,6,0.7877658335475423,0.036840665699496324,0.8680071412102885,0.2375876336450036,True,0.05966033795138818,0.16889382881918993,0.17676936355383474,0.10415616546384372,0.16226341446689393,0.036905141780891146,0.042699982605026325,0.04655357633859452,0.08697230234503793,0.0999946022422364,0.003783080083719942,0.011348204349343274,C6A99B44C
13,68.2921057285991,6,0.9588693752075707,0.049622176152898885,0.8173511662752679,0.5650813259987738,True,0.0837226092740896,0.028851580655808624,0.05628950753780208,0.166894262967422,0.12592890379490512,0.03796765599046971,0.05714652128302252,0.15403504372068685,0.09776139375924522,0.025427180851981434,0.03868088747480444,0.1272944526897624,C08D12DFD
14,139.50689452146878,5,0.768948881087259,0.021804392068688706,1.0998609375809003,0.7682896096839837,False,0.01724211610497762,0.14964007603239043,0.1321571025933444,0.2325316175571696,0.053195204533038706,0.05947700546711669,0.024671486640974474,0.09198211529503465,0.034838614063213334,0.05995656136551635,0.012737313253285332,0.1315707870939384,CA708A7AE
15,57.136742264044464,5,0.9420247495076628,0.10649626137998605,0.9247116530478363,0.6027314825923024,True,0.03551772692177441,0.13058268444592075,0.07023999831773896,0.14572276280777605,0.2023461631739299,0.08868462679033892,0.006528838444072929,0.15023683486725792,0.04052293359704035,0.018056694549042913,0.031867139558175425,0.07969359652693143,C4540215F
16,80.25974748967776,5,0.9682012612816566,0.08068181064127385,0.7897493214062589,0.20851144538722596,True,0.059922581442351984,0.06772604021365458,0.04068389737252103,0.09856407740637078,0.105960674084934,0.11251230396654849,0.03152719922491261,0.15393358953549113,0.17685994223793935,0.017186115193914935,0.04066668283421477,0.09445689648714625,CE3779B10
17,60.417567134268,2,0.9314188193646096,0.023184078802808487,0.5426017638923079,0.2559558540773961,True,0.10745036279319084,0.09741465506786733,0.07376293930806613,0.17689651148343508,0.10526378005924973,0.06731403760159951,0.013487218063997313,0.143889938430537,0.10238902640655984,0.052611814993980176,0.006468923658682527,0.05305079213283447,C81AF14C1
18,70.10036886631582,0,0.9732287213907905,0.14160399655439013,0.8593147830479098,0.589809247851955,True,0.13251073538750183,0.06001408144384811,0.1148811000323059,0.0690183796017867,0.06748406630842851,0.00807352103159479,0.0063565086144130156,0.14798546464172177,0.2373120303231668,0.0690815407357734,0.046292852805390354,0.04098971907406876,C1FE68E72
19,65.84646895561373,6,0.7015731893839962,0.13259260294274275,0.708978983071398,0.3414716369450619,False,0.14836088604164055,0.13919486376114143,0.14885888871637254,0.08597093272307461,0.1511143799736455,0.041878243717682825,0.01448071605420808,0.1389470817223802,0.0466549703863839,0.03201015527895023,0.02556458437289381,0.026964297251626412,CBE1E0823
20,102.97442976649313,4,0.8903412216718488,0.029430179758748034,1.4689193769865498,0.6263404884128088,False,0.05204194058867435,0.11968584430618895,0.06622615222168225,0.11060906349038899,0.15054600415564795,0.1265326901882379,0.039353097563781615,0.06238219469564667,0.1281631054852872,0.054723919350327735,0.009622114077686306,0.0801138738764502,C5C5581D4
21,146.52761524560918,2,0.6991038231235822,0.024219640693512588,0.7602574361547898,0.7619336212484035,False,0.0719264464487791,0.06929383298658935,0.04358398571122463,0.12979865261696727,0.22056630700109342,0.05964649256093105,0.005723288425953988,0.18579823589633562,0.10834277041750946,0.04704887513952711,0.012275207698619124,0.045995905096470065,CFA8CFB85
22,66.5366171475924,6,0.9031080871438552,0.09598925131051232,0.7552009715729796,0.34275271048212563,False,0.04602256190349817,0.09985602178937973,0.18740446962135768,0.11199421349040758,0.21995203619996848,0.04069042704657009,0.0016486419658679745,0.15634869998858816,0.07118911157200286,0.010461332184248696,0.016755858617821712,0.037676625620288784,C98C47536
23,71.595280555336,6,0.9091998828729979,0.17585704348201686,1.0735695117892916,0.4137720907495799,False,0.06049696012088589,0.17837203916537048,0.035266615826512596,0.10381863760524856,0.16266889573295276,0.05366695299807347,0.03102647902322246,0.0943289359760737,0.10452196494519998,0.04400828690780077,0.0033082464782424595,0.1285159852204168,C36FBEEE7
24,108.51972405641516,3,0.7431510470237883,0.07999129800766136,0.7179517399484555,0.5660445501563564,True,0.07026289045341318,0.06428797743719754,0.13880681915640836,0.19457744911202307,0.053628693189215385,0.09348762819341876,0.008608710148584279,0.09939472654734846,0.07623559915800551,0.059798772937425804,0.030216737254959464,0.11069399641200044,CD5336898
25,106.63194416607318,6,0.7823760363444452,0.1636232131628857,0.7579384236498111,0.5664101221483514,True,0.13461194491203984,0.13182379982389186,0.0671898006127006,0.132889562994285,0.042453009934078204,0.08224230688390287,0.024640073349329956,0.05854102622933102,0.13545763770441588,0.09853892086025585,0.009908679264424541,0.0817032374313443,C736AE249
26,66.03306789360359,5,0.8946258241642917,0.06340831575665776,1.6305905907608471,0.550291552603979,True,0.043238820731274455,0.021336997511934762,0.09738191621652685,0.12463695849420864,0.08478250715485966,0.10697571780284508,0.08248233100082195,0.06222511193920048,0.15826630486228602,0.12652502333422122,0.02995604271412932,0.06219226823769164,C11A25BFA
27,60.604294642169414,0,0.875973479042428,0.07383318989923335,1.0381104294600416,0.4126040999633179,True,0.060645152660641015,0.0650792749588389,0.02419500205993694,0.150798509277211,0.14231401601074328,0.03712204709184879,0.06918350656493044,0.09094324056344212,0.13853673180091625,0.10522818586346609,0.014507776897487097,0.10144655625053821,CAFD9D5AB
28,76.10233726770231,5,0.8691961194020044,0.2192199270403435,0.8449727774053468,0.43139319712604896,True,0.10648564557903427,0.021252880263181236,0.1944627125664119,0.17818738566661946,0.19544697531281,0.021764930467134267,0.049180009527068434,0.0668077541485616,0.03481827815144846,0.033209807496039426,0.02015224760616467,0.07823137321552635,C4E114F5C
29,110.92657607472196,2,0.7883147331411238,0.10040261871047118,0.9422670752846873,0.5949451086636949,False,0.035458616027040674,0.05485367764866092,0.2012961169084784,0.03995223421281265,0.16555920640028238,0.07484734549781458,0.05815869768222581,0.11787823968849198,0.13058277764835813,0.03139237283294824,0.005371136061319854,0.08464957939156642,CEC48C90D
30,71.49492218357754,4,0.7417941348819533,0.06408024799269155,0.9015050830240793,0.4438556860042672,False,0.12689362740987242,0.14563887305157042,0.08645082344846462,0.10603860663576192,0.07820981468252616,0.104434811311903,0.012325073300006699,0.11218579059112715,0.10607969730605228,0.03169059874929455,0.03332303078758191,0.05672925272583896,C8A8042BE
31,139.10329647458624,5,0.9450096045631977,0.09174283025334654,1.4274740636764396,0.31334897300809533,True,0.05591920944940062,0.12112545133647637,0.06721000573808386,0.1833877603457291,0.1296464241000554,0.12448150738238234,0.05603384314916276,0.04828937549233933,0.04663657503684419,0.060981387978006195,0.04091664537626874,0.06537181461525106,C28B7BC6F
32,206.98443690095866,5,0.8100549380991544,0.003963233294608538,1.486439980276316,0.9077532329758148,False,0.03744678690840723,0.04720742455112889,0.18815193762286525,0.12958830363195362,0.13594225154455478,0.035715621544561454,0.052126896838623926,0.08826546878310694,0.08622286215593374,0.024130942699794485,0.05260264997793171,0.12259885374113806,CC6EF3620
33,116.18770474157323,5,0.7576215005999624,0.1201489306890268,1.5233174340774502,0.5307685672385619,False,0.07069395683812849,0.04427408391027172,0.08744549502870917,0.08541268184398727,0.1589859629687108,0.10310948584072412,0.0006730939398045142,0.12045104442948842,0.16639447648038627,0.025651960011496347,0.035575363720478766,0.10133239498781414,C6526AFD1
34,82.50689046760148,6,0.8448264504469097,0.03003411015338249,1.5083653037858475,0.6746202864170019,True,0.048304861105843665,0.14798272262538445,0.08816486117487556,0.06883871741428954,0.09571206501938692,0.022297595120718616,0.013721340926508594,0.1686888441846875,0.1903917791058622,0.09210362013392916,0.05615029768952251,0.007643295498991307,C035E2982
35,94.69721573353745,6,0.9370352073514466,0.19391687580976028,0.8138459569562199,0.6180280876330689,False,0.06386214574872172,0.04972138948777035,0.07490293332254638,0.17187436414154006,0.11136368158680345,0.029574415172997,0.02585981405353363,0.1373205512854405,0.08095159449430596,0.03419926439487375,0.06669906676551851,0.15367077954594854,CA195A333
36,28.91024234795723,0,0.882327597627298,0.030241697344438163,1.1448987904251073,0.0749156522745082,False,0.07128515411801654,0.12043613531613054,0.10282875795995969,0.09772003132241311,0.09962413442160165,0.11235328984130565,0.005161411885745899,0.08296639984041627,0.08453698718736005,0.15751562152513687,0.015618041232949803,0.04995403534896391,C3FCD1CE4
37,77.72054644127564,4,0.8019649479958036,0.43561069954970577,0.7387289024638399,0.28132104034813965,True,0.03336428453087628,0.1407079024949011,0.07402074245856026,0.07439424558899745,0.04679926276128058,0.013444430005397629,0.02727878595833618,0.14875024085478525,0.18956211020268476,0.03801598489171682,0.04631480143562888,0.1673472088168348,CDE049695
38,70.70870975661357,5,0.858797084059968,0.07551210769805553,1.1726494017337659,0.784851686296115,False,0.11836682749749936,0.1085660489249338,0.04455187171381982,0.1500292143263847,0.15011235654653732,0.028043786031992077,0.027163606626558347,0.06777578127112392,0.16499105008756737,0.022618274159135365,0.06686851783639546,0.05091266497805254,C7C3C1046
39,91.16511142138509,1,0.9137088709269914,0.10052503742633255,0.9525951717318681,0.7694509454355942,False,0.03746193945828267,0.031707972920151095,0.14952962959609387,0.09964687839366088,0.043017763095266254,0.06945384447691014,0.0722755903668076,0.14660152367095836,0.20696693785886966,0.05681239940956216,0.04198292227453853,0.04454259847889884,C1A7389F7
40,105.38868148084886,1,0.9524307010456601,0.0597041543689517,0.7698633376403375,0.7278479624090372,True,0.10860513411103151,0.06458806482079917,0.103449915353054,0.15213381687240113,0.11470434590933193,0.09223612230956914,0.03804280266277013,0.16323524318379987,0.06042997542781034,0.014429416215077477,0.021047483124205478,0.0670976800101499,CB8AB03A8
41,95.92762256571957,4,0.9669242874407702,0.019688804979181275,1.3631732965620444,0.5280041885135237,False,0.05503664688996489,0.14951693821998752,0.11791399998179347,0.0884476642599622,0.054489724322926696,0.10268438402366334,0.0354296493455711,0.1468615371675176,0.03454156000738335,0.13618717006981435,0.040873791572448075,0.03801693413896733,C56E27D59
42,113.05336266567829,6,0.8452244430693155,0.21447936069797766,1.2140952634505313,0.8979163038503767,True,0.05078013268578537,0.060867536961418986,0.04823475917542062,0.1910747562236192,0.10779895880677694,0.07133441837724692,0.0729199105737067,0.16405309205266314,0.0943318111137193,0.06313897546295293,0.03679984997160759,0.03866579859508219,CF519F70A
43,82.57115093232146,5,0.9401233813191172,0.01812091991188427,1.1071680498138656,0.3801542023232159,True,0.022215263489612645,0.09202020257482701,0.06093880003028719,0.11708554797612691,0.10078854686969722,0.04374422419136261,0.028156155964967764,0.21662088710625618,0.19285348914164266,0.019055153196539748,0.008480669906213944,0.09804105955246611,C935170BB
44,134.12218616870706,5,0.9669350283649063,0.2368260251339722,0.5451353138109234,0.9006480473788742,False,0.037459341837154235,0.06686012087715222,0.14094842985517148,0.1334933668018146,0.09978194116744653,0.08412997836239787,0.08214869497147956,0.13091318234994634,0.09405638520510423,0.02727631682426514,0.05400722051942177,0.04892502122864611,C3188EA6C
45,108.4056970850336,2,0.9088198047955778,0.02885900799153602,1.0165100149284272,0.7355130276224482,True,0.034831266114738475,0.0661849173539323,0.12351968465566203,0.09858698741947189,0.08747555227114205,0.049832651452740816,0.11479691117773372,0.16445286111888435,0.1184501100926885,0.07468326503008064,0.0196303311409918,0.04755546217193374,CCFC0641D
46,109.53625142026696,6,0.7958472280947329,0.025657012814527456,0.8329706469109857,0.7053633206611808,True,0.028254577840879386,0.07472564398838805,0.11528387591929351,0.19282331398961097,0.15018762678415448,0.09857433664814869,0.004041231123519148,0.14771316538003476,0.09502574682155691,0.024568035335294534,0.020888381140797777,0.04791406502832155,C6DF7DDCE
47,61.458474401356014,3,0.8895575914363896,0.04865107000056788,0.7998917476413672,0.3556280192556015,True,0.07134570954659268,0.17441867643123574,0.06366351799306459,0.10179344725976444,0.14552811289693562,0.08307962122697231,0.05429247779295741,0.10064568166767714,0.03548342825498779,0.013355652396032116,0.0847291879670049,0.07166448656677528,C0C2F577F
48,94.33293705886686,5,0.8108969443257275,0.0946039604797235,1.205674574114323,0.318579331343789,True,0.11989381302745684,0.059322572367409954,0.0798982070413515,0.08523479362916864,0.1295595145799071,0.04114943996463641,0.06635182685982706,0.128816598130997,0.09416491860900969,0.017357599274853044,0.10246710783552804,0.07578360867985487,CAA66D130
49,120.06721584208167,5,0.9251401098542694,0.19164680468234527,0.5720604211288658,0.21607220206598843,True,0.14743129143247624,0.05135134580194702,0.12130874236758443,0.07525912889795261,0.12510826567582706,0.027502274206004356,0.0023428462947491847,0.12257753041257952,0.1369411820421275,0.06211334350903988,0.020437666390637644,0.10762638296907433,C489E4AE1
50,93.79921132353401,5,0.9791826527769797,0.18746133570447593,1.135191731013808,0.5797373634131904,True,0.10876786591742371,0.024579338949052267,0.09247763425737958,0.0788090119170969,0.07214034241355684,0.05768207888601871,0.007481302795082078,0.0897900692892024,0.2277194234286027,0.10574057546932224,0.02322398389593666,0.11158837278132604,CE6D5C492
51,69.6035587572933,0,0.8491006473083592,0.05478786922254033,0.8804527743887426,0.413829618813298,False,0.05865974758122403,0.07536410231707118,0.14156525848712884,0.15989594305693744,0.07369264276284467,0.08201405791393687,0.09636277890632217,0.1716440278006487,0.04889737650327233,0.03243630020383298,0.04150473770172508,0.01796302676505579,C850D3E43
52,62.42609574934166,2,0.9292071072044549,0.08185645252300505,0.9303658270218256,0.7474457183321638,False,0.06498243339065471,0.10272170216060815,0.09482185032490748,0.20125769209501337,0.1343356296760751,0.021164711334376373,0.07575905402045491,0.11267909329861842,0.08240121194909966,0.0063909220028469434,0.02456763859016154,0.07891806115718357,C2344B7F4
53,134.66911023413434,5,0.7174758489551386,0.04197474110941054,1.2214201731726029,0.586085844096235,True,0.05815228402278157,0.18149032195435752,0.24304157294759104,0.09471525240181748,0.17295967513829907,0.028038665282301464,0.0005820621699274893,0.05365374375409375,0.023726296829328197,0.003541198684664279,0.0748636861283614,0.06523524068647674,CC17C31A5
54,77.38444579655106,1,0.7882756838018494,0.2403340572783238,0.640467727257026,0.7150486481680078,False,0.08340881503476316,0.02886169600497257,0.04537904396390012,0.13210148255887855,0.17631822375823555,0.02814196194559979,0.01104335295272309,0.16252929907051503,0.10490019062010496,0.1348915324971123,0.06064056196592805,0.03178383962726683,C5FB3AB56
55,107.6568748300427,5,0.8685399219455339,0.030372213127289334,0.6564098077365954,0.5674248679149939,True,0.11377948815697543,0.07978318484897552,0.24386123457883568,0.046270485932462156,0.12519466775499818,0.06365961107089443,0.04940689977597427,0.05853305816769067,0.045255825354963294,0.028908363294769913,0.06768197595712926,0.07766520510633132,CFDEB2507
56,72.32172407151717,4,0.9124882479008743,0.11878001535440494,2.263387057545614,0.707237865791649,True,0.015813136690965228,0.04645960187064975,0.07998917373274125,0.15249540125022798,0.17079648927862898,0.04928050439838484,0.029009378276333795,0.08513527444789941,0.19751056833116515,0.08383752939422659,0.016784557696649008,0.07288838463212807,C9C229EB8
57,90.41724007445264,2,0.8243250727876976,0.06565795351758333,0.6259423000141469,0.48667379948814365,True,0.022390988446443803,0.03396942373580174,0.12718571868161832,0.1764638248926907,0.09839472286479314,0.08308453189144145,0.010067715237054587,0.11346517877972362,0.1552833445942308,0.05959272102153238,0.05016058165038694,0.06994124820428257,C3A5A1869
58,80.54540363097877,3,0.9184624288070962,0.12173865535937618,0.9244815593882275,0.40589701184450183,True,0.042670346960222615,0.04054792499240349,0.07575948770112788,0.18909612996098188,0.11615670901603653,0.04439238801045492,0.02939090356864174,0.15223726615866923,0.10701321393546226,0.04198368657671338,0.03953826289492151,0.12121368022436464,CD891921A
59,95.4149264800107,1,0.9587686384280475,0.02351420344055333,0.890853760064473,0.349477907444412,False,0.008094164316335962,0.05723475177448756,0.16745430875894532,0.12725134517198686,0.06426580654106359,0.127336868162784,0.006114993510216684,0.14265247063866593,0.13735486101199723,0.016423204621675423,0.024654083636631154,0.12116314185521017,C76C90BCB
60,59.63235658049257,6,0.9661092085420814,0.20022022370707282,0.7951292748591282,0.3659309171201167,True,0.07431057320004467,0.07192458547035903,0.07695220795356925,0.06716145811299068,0.12512148319712357,0.06965202242502733,0.005393643604810307,0.11373444941872732,0.09685139214320541,0.1402029237226113,0.08499359978523538,0.07370166096629574,C1500857C
61,46.534723287000375,6,0.8824725290806622,0.378070974008549,1.562946839997469,0.5631931457021417,True,0.06275670797902662,0.10842444210676812,0.056572326396622255,0.06739494796716296,0.22402480889148413,0.07445435435554741,0.02148042694958506,0.11116381273790275,0.1488827649418339,0.031308243652693975,0.04511680880982,0.04842035521155302,CB337FF2D
62,92.9940184817907,6,0.9742849497550066,0.02311479855830344,0.9188371770130327,0.25540778022501986,False,0.08113208226867896,0.08598015438953763,0.10835212049247751,0.06073044956503815,0.09635477940068574,0.013702126949198123,0.007685138092093731,0.1339540515035781,0.05638376829151004,0.06931402550587834,0.07390701282747728,0.21250429071384658,C516F78DE
63,120.0518039665346,6,0.7605702093535549,0.573788067437816,0.47525151620342726,0.8808564548907613,True,0.09531195713273993,0.03426163763899707,0.08143722767636671,0.12782108593438501,0.12810248150936185,0.07240590929776983,0.0332964367554914,0.07082305656451272,0.1159075466702114,0.05118761464939983,0.06670619336568308,0.12273885280508114,CEFA6F28F
64,71.22383126678568,1,0.9119443801908067,0.16536319570188207,0.8869693793997409,0.36270537006003045,True,0.05948386847580317,0.06590916021154221,0.10516520356412631,0.05095322609879886,0.13428232655370556,0.1314111129740384,0.042841626782242376,0.17695948470093836,0.08153838027308985,0.04626817884695892,0.05766386827570883,0.04752356324304742,C8DDE6C40
65,102.45153770313605,2,0.8322877620291559,0.020761538054056658,0.7400209283823235,0.5533930005951156,False,0.030479160766056255,0.11322515744783068,0.06729717243370781,0.05370457232293959,0.12603170164396765,0.048570547478590624,0.05505915490014289,0.0718601378206168,0.27252903713996474,0.0535578411522264,0.055287884483105315,0.05239763241085121,C2C15E5F1
66,58.13380349604263,5,0.7560626914859189,0.01875963617609809,1.553580498876382,0.5472684764549268,False,0.02674015115550256,0.07714821531320361,0.04746711356730033,0.24055525640509712,0.061331691091296894,0.1792191333513944,0.06621921897765658,0.13421305690286303,0.0535052086585653,0.008041691939990077,0.04830125378558628,0.057258008851544,CCA4D5FA2
67,112.64645178478492,5,0.8074439873820005,0.24052840311943854,0.8337170882775659,0.6328988573908628,False,0.023178215491063033,0.0669188335552809,0.20553492077644284,0.1977958643944624,0.14214970039671346,0.04027682058267803,0.005290548612190438,0.071098298483884,0.09498153618248457,0.0518760572342532,0.02234076067256127,0.07855844361798603,C6884D953
68,135.9750036480895,5,0.9237138384134813,0.13367800940711472,0.7944532140761926,0.8243917676035627,False,0.07135243965750897,0.05899535701622779,0.11208274292019937,0.1014823289224684,0.05318995075508546,0.09413142768467984,0.004201194383496944,0.06825770277202288,0.20451543314005297,0.0962418312323,0.031637286086285084,0.10391230542967213,C06BC5304
69,131.94751346734748,5,0.9477405480986482,0.1889691836988555,0.7904363471389445,0.8546573706170646,False,0.07187571281292411,0.06436200263011084,0.06904286920032257,0.12268885054110176,0.17910783260390314,0.12375308087287641,0.02150175229869832,0.13429060544171903,0.07414233299324699,0.03623448068459706,0.019913216294542534,0.08308726362595721,CA4F3CCB5
70,79.63130801971016,6,0.8813479236621841,0.17787047126728414,0.7199403573501661,0.34055422676000624,True,0.024002780017450685,0.026593674726956257,0.11141677572675941,0.08843166344739287,0.1573436421654317,0.05337565243506684,0.024741340524091396,0.07972635190822522,0.15296023232314954,0.06544064056234022,0.18249084755052383,0.0334763986126122,C432B4666
71,52.53199773369115,5,0.8366626013110013,0.029390527339138772,1.013917334886811,0.31090128763022545,True,0.12970228505760265,0.02078564812867119,0.18800220071916662,0.10206264952697638,0.07807474982608287,0.09190828961082835,0.03591139480116666,0.1406935187478803,0.10461912503621172,0.016770259223374693,0.04698186272468695,0.04448801659735163,CE162C017
72,50.63277900661773,6,0.8987279774037781,0.11090140236911711,2.8487910564374794,0.3531791564742822,False,0.059683262022680185,0.12563653113907633,0.09538667968926734,0.18352641154602212,0.05893709772770591,0.040993308186316885,0.028175885720041653,0.04882557897134316,0.0856989216180245,0.08169179064870039,0.05227345093759339,0.13917108179322815,C7F9A39C8
73,117.7905929398085,1,0.9304841410324672,0.07392085054272095,0.6345592477894564,0.578727974842891,True,0.0880464441906048,0.11557186722209005,0.09431802287610176,0.18609732509944069,0.10512368348318199,0.023444776491915145,0.0048414438843447215,0.05824032316559917,0.09878665861449033,0.02856295896646319,0.15963530890201877,0.037331187103749615,C1DD1B379
74,89.13006150484293,5,0.8756811826540096,0.061150301480574695,0.6507040823061833,0.2027916241823654,False,0.018517572961060942,0.029805150179182456,0.021391437488206846,0.1326843653161995,0.1438479770877167,0.09152669029391276,0.07098301989413944,0.13507516087640717,0.14367722459614427,0.07379923101107976,0.05173455942383526,0.0869576108721149,CBC092D2A
75,191.25589638077062,2,0.9970821862289634,0.11912967980547273,1.0205194876332355,0.8335409898493997,False,0.07311487792780805,0.16027070239915578,0.16349454728204685,0.17082030321650055,0.049128555743299315,0.04287689401448846,0.014984775623141178,0.13377563934531092,0.06332473736991125,0.0669171044206333,0.0107535014933417,0.05053836116436273,C5A40A6DB
76,100.17070045649888,0,0.8602984927747341,0.09499934798059798,1.2282440872221558,0.22454972042981797,True,0.021559567097190667,0.06541990932671876,0.11282586206240963,0.12103992531942268,0.16845544918220068,0.03377999711556039,0.006108253213071913,0.10173198270491306,0.113077263932781,0.06342806007010296,0.053396625281267554,0.13917710469436062,CF878208C
77,113.81830727755842,6,0.9238057908355242,0.04253291661031257,1.7931040649360355,0.6742126906767838,False,0.08039497988771269,0.012174612112837156,0.09248589705901547,0.11673147591958975,0.04838516800809589,0.06033735411294271,0.03215413682226107,0.18855423009678632,0.2860167289980028,0.03293849285897261,0.03131942652019078,0.01850749760359286,C96AF9A3D
78,75.58355216885613,0,0.7629342354627727,0.17233585550501565,0.996615366118446,0.34678295219215327,True,0.057988280446959035,0.12630976330070431,0.06939582550491893,0.07718517112755179,0.036560265317641304,0.048141768599514974,0.005177758899251695,0.07100806399964406,0.3313070188362232,0.08268125939239561,0.021455029057744133,0.07278979551745084,C34E713EE
79,118.95751645463908,4,0.6015270945808675,0.06123896777467914,1.1196110370468304,0.724984642161887,False,0.09903827386497292,0.11936300710490717,0.13271962951454774,0.15681011838571918,0.07311224483420653,0.07116383186021694,0.027162035545509465,0.0632059239052192,0.08296163665028239,0.03983713189095158,0.012710839019288165,0.12191532742417886,CD31E8D9F
80,115.85364258490884,3,0.8805685737680217,0.0824199820083286,1.6872862122811274,0.5247847347248978,True,0.13068314099031206,0.0735393400975775,0.15161029860552053,0.10330303658167782,0.09149809405299057,0.0656470990540364,0.013886536034485718,0.0795998117718925,0.1519361064995086,0.029108898187119238,0.002798535402336967,0.1063891027225421,C71560750
81,76.45354201812718,5,0.9910432741574094,0.007906310219760133,0.8200234753825917,0.6633953858637058,True,0.08196713625473213,0.06522522720068663,0.09871353739623781,0.05689231572021759,0.11280720538821871,0.06099696423025891,0.05704109999966238,0.016222991938228952,0.3180564895973214,0.025531257054973108,0.025300250054947085,0.08124552516451508,C0F8D8101
82,218.85436408631023,3,0.624445639645741,0.04889588174149092,1.4750760450052225,0.9537506264620563,False,0.04548997664998256,0.09208917160135657,0.11265806427031752,0.1936004504161188,0.09939231963487195,0.047952429513375486,0.12792425644005165,0.07254353919990414,0.07648810794466483,0.05183569991277232,0.0281726975271578,0.05185328688942637,CADC4FAB2
83,56.9045526599572,6,0.936438643034083,0.05429479132018915,0.7598266770182937,0.3648102233213341,False,0.13568429103001964,0.11118715238407202,0.05787668196114427,0.06693479742296193,0.07132349027044949,0.07527403246186509,0.007430770943644766,0.1426666129860325,0.12498542874686869,0.14428380724559697,0.028970687048285048,0.03338224749905946,C4BFC7463
84,90.04824775010738,3,0.972337600214854,0.18305411535744734,1.118012366128814,0.8991523096628466,True,0.09095192660774229,0.04654519526987576,0.0621326904274046,0.14534073981250362,0.17079200447377493,0.036709426224651995,0.07998432615915688,0.047657651378769345,0.13645855916441504,0.09655363131535033,0.01443621320353086,0.07243763596282446,CEA33EE14
85,89.45629022507912,6,0.9795786241890704,0.025268074469728386,0.7814010215244743,0.5547218525997661,True,0.12936125451683111,0.0553755862304208,0.088452462871318,0.039928804483128334,0.1521044234321032,0.053541101417380055,0.03766539096009905,0.027964664627791132,0.18791494613601015,0.10831359966132884,0.04759161317441275,0.07178615248917665,C886B67C5
86,77.66387547331756,6,0.9387254382651784,0.06502677264060344,1.0509207296619925,0.3845216675653306,False,0.06261468630519806,0.025163337039063732,0.10302474253521625,0.121925212310133,0.08044213632964305,0.10975999669946758,0.022782964456482733,0.06752035664535579,0.07976117474036648,0.150585026162731,0.08827167693529835,0.0881486898410439,C26A2E176
87,89.37606172823122,4,0.8806347106686128,0.2873014025884554,1.1670540957431559,0.3642985666615194,True,0.04525992875029327,0.02319759857394001,0.04009981616394885,0.16716736201722263,0.07339838482599592,0.11595892632919748,0.04459363293131274,0.22826780987268885,0.08310618019158389,0.009092650427243196,0.03723304984264689,0.13262466007392626,CC4DA5B27
88,58.44059342613087,5,0.795454008229241,0.039143426383544525,1.0644519601860045,0.4869307673795882,True,0.08431792949337369,0.04337924624413094,0.149920509876005,0.059849831526556485,0.07439644545295182,0.09626345373904945,0.016437207775115346,0.13230268368145492,0.14948915851381103,0.0603335279519516,0.018017539633004103,0.11529246611259555,C6311D4D8
89,126.37699603278627,6,0.8123249831166879,0.05493090028685278,0.5249360125432341,0.775152672195505,True,0.02942638055964875,0.0665159061286733,0.07275552756758205,0.05908695765711812,0.18848090858611025,0.10031935957906833,0.05236348188845291,0.1419518808979878,0.18850027561941565,0.0059620241617464,0.03255804994154229,0.06207924741265406,C01494E89
90,64.83098784998859,6,0.8584239367411598,0.03864591659257685,0.6034967605037196,0.37976240424705415,False,0.041753835799315284,0.0643877810880854,0.09219408791618962,0.1577576751415739,0.11830497904462875,0.06909217553023023,0.00797892217829142,0.1223465772599955,0.17826799094570286,0.029827494047669142,0.035129799875672774,0.08295868117264531,C9F80C83A
91,90.58879444465597,5,0.9457254754963108,0.022280329776333572,1.4046350014842113,0.4475408817356248,False,0.03946627588532552,0.10093214941079665,0.058923111940130835,0.22248488581934048,0.13516612664830718,0.040684006275478614,0.019503802091787075,0.0678836483456667,0.0968540856515932,0.10002546354021975,0.046479863213020604,0.07159658117833334,C3DB841EB
92,65.77129980301956,6,0.7382042189558584,0.06473828285088071,1.364035512075017,0.38096561511712246,False,0.027828978452211627,0.12057228374471723,0.17569826523233403,0.2155157769200391,0.10760067422937875,0.043803028138505125,0.03952444487595114,0.10174406691560585,0.07094952682484489,0.022056902567171785,0.01599707524694413,0.05870897685229651,CDBEFBB9C
93,72.24159455834567,0,0.909392355155549,0.19280908084186962,1.0665155570290592,0.392505201555411,False,0.005509186677522049,0.09275887046971028,0.07493974819098938,0.12043341002310562,0.1095280944117123,0.09449463360064668,0.0201549756143042,0.2392243317571249,0.09684827478165557,0.0287078953161075,0.030179270785567043,0.08722130837155441,C7A27354D
94,110.0056021657586,5,0.8909412010996381,0.1369753660216635,0.7386270563382243,0.43262355179606027,True,0.1876101448265018,0.03338275113180235,0.06067175091823653,0.10495105674000008,0.0704507890816152,0.05098137389558564,0.017380822783614896,0.15455498595986256,0.20072474640630883,0.044561251345234594,0.0020143417595414118,0.07271598515169606,C185EAEFE
95,85.9505229609731,1,0.8690309822744482,0.17719993237139198,0.3868020947424925,0.7110725758635632,True,0.10143347764519205,0.11358256764906556,0.02833435970490577,0.2123566990928421,0.059222777807857056,0.07193723584076596,0.031829858186001404,0.10286050565067001,0.13831498163857397,0.07797941166376143,0.0205080148723486,0.041640110248016365,CB69628AF
96,78.381286398706,5,0.8161376469969317,0.05557422194578897,1.3658012926676577,0.8250630716073004,True,0.12195168260181147,0.08285862484685705,0.03374841883551458,0.17204454587077797,0.05716371561020032,0.06927691834160177,0.05207286341623362,0.04315573612264868,0.18508283117174065,0.050179287857456956,0.021629310711688107,0.11083606461346882,C54CDA260
97,80.40537674911863,3,0.9763726843708559,0.0333081830746286,0.969991436362921,0.42962602334107636,False,0.041841607981924746,0.11453580014869488,0.15318423463301392,0.12450421688829547,0.1292037947158579,0.06755747841140711,0.024540960058095796,0.08102347280874535,0.10746600325042216,0.10461568874004325,0.012956984148554195,0.03856975821494525,CF3051C11
98,86.80507968992191,5,0.9412827176853502,0.12715781877920296,1.5543282612657172,0.3431497488939756,False,0.017524096894999147,0.17685247396362674,0.11856568766374233,0.10278037463612313,0.1369655918348255,0.0741100594305943,0.01912248242495892,0.1356977642161016,0.09725795965479936,0.00617104495392981,0.08446307445157217,0.030489389874726817,C913C95C2
99,88.35283895654051,5,0.9658276904403831,0.04469117826465015,1.8889898917849004,0.44809684807191985,True,0.09460999954544479,0.12432858326139065,0.07230767947670726,0.0875391268251778,0.09305495939988721,0.04184922332984715,0.040419019857111896,0.04919027560390276,0.062467457356232534,0.09997998188130498,0.026599402478907824,0.2076542909840851,C2F740F73
100,103.64677398512134,6,0.8833383976016529,0.06103200692044703,0.8414909226489113,0.49228410604857054,True,0.032547361288960706,0.1857570940444464,0.10136363864402838,0.1402895728047882,0.12588790324627144,0.07028117158756678,0.0498980999961243,0.07215342216887811,0.030350974557436426,0.013032624779202232,0.023831239487308656,0.15460689739498834,CCDAB8924
101,74.86171694833985,3,0.9362807700492956,0.05292987276197967,1.1484166212162856,0.5439633953468654,False,0.09958839250446348,0.07114846818947183,0.07651864334966096,0.1352981594934413,0.06762027556569752,0.0704957772615489,0.04038603693774748,0.1912922687738517,0.11339303190218501,0.0709612502137339,0.010885553506505517,0.05241214230169222,C6BE302D5
102,136.8013601521788,1,0.8517631929466449,0.061259799346704835,0.7125683775932702,0.7329272267428917,False,0.0463939866875394,0.1047232144002169,0.026600994796399276,0.1523243062427324,0.160271933680766,0.10536603009909017,0.005162204445192032,0.1634390141504623,0.11940236234525936,0.016257099969321856,0.044561819898089945,0.055497033284930386,C0A1A7C86
103,52.86557695326989,5,0.8600025706601226,0.20526073043797394,1.2742431523666753,0.47306117707192424,False,0.04513284617482317,0.07133666651726567,0.11195912843631466,0.10179643543745229,0.11233422814485863,0.07894091484804608,0.0008893104659778178,0.11419256398907705,0.20922536681749684,0.031074888055924392,0.05350075620789523,0.06961689490486817,CA851F637
104,75.54074229988893,5,0.5027610886681841,0.11052074257090425,1.8627907872832976,0.4615554380286186,True,0.023909366779683108,0.12269035643584558,0.059289817956901816,0.14743752877982355,0.12390617476010958,0.10679495110442179,0.023309194568629236,0.10014181987042965,0.14583346618857596,0.09061135666585865,0.008558397851262932,0.0475175690384583,C46896FE8
105,47.75832455196306,6,0.8173139936399293,0.06835221551433626,0.9223360998937864,0.27051916413107585,False,0.038430829434471146,0.12008430994165034,0.045265041701857335,0.09817198819190882,0.13518977581239727,0.04412759341682975,0.032816466681409064,0.1807650346785846,0.065098898539963,0.09027735221405524,0.01522769908505245,0.13454501030182103,CE4C0E999
106,50.65483063792375,4,0.8893487865253042,0.09516659130075761,0.7777414312176907,0.40553981415180734,False,0.05203848725792703,0.03379826717988441,0.1459749286973543,0.07745794358454801,0.13590356261738723,0.09119777104710201,0.006137601818552936,0.06663253222559286,0.07826909629278651,0.07350322743734984,0.11690220008637976,0.1221843817551349,C82F8634A
107,113.10068355083132,1,0.834689345230261,0.03180828825323672,2.3606746404682677,0.5558134453415213,True,0.1536705297461403,0.16822483868227048,0.08239412398565298,0.08942772140053033,0.08837177834713072,0.04850393654559232,0.0024514898866210308,0.09475764234319953,0.1266869955802399,0.11349238310321991,0.014089876708039996,0.017928683671362602,C212FDCFB
108,97.33480635336818,6,0.5787425758478586,0.2404752263028542,1.0529862565618213,0.32474075312618117,True,0.02833564161556681,0.08482447081167208,0.14873842550210445,0.10374960536505219,0.13704256026738637,0.03300829760141687,0.023408503959842765,0.09795344219909921,0.11152190168749176,0.0593426713853993,0.033689278965007785,0.1383852006399605,CBF6756AC
109,79.88053405568371,5,0.9134487901877439,0.08645141540419261,0.6730926030141219,0.5030742721759432,True,0.034730133579903955,0.0641883796135365,0.12421018684178467,0.26584917962832955,0.11002583621698563,0.07181620332550577,0.000804262780979552,0.09703431970462625,0.1296340934488469,0.03130074374052901,0.04774184103822157,0.022664820080750697,C5D9ED05D
110,60.27827115068809,6,0.9394514381147788,0.25685387880062227,2.1382645808040683,0.33204720865771686,False,0.14245155652123792,0.049985250775412875,0.07709687085749377,0.11228556346789172,0.22358793935341906,0.015308542687625123,0.007663564233088129,0.05862794228251633,0.10869019348961434,0.058661824666427435,0.02768780727529675,0.11795294438997661,CFBD64A0E
111,122.03447716797687,5,0.937251334636344,0.05428878324977942,1.27827354711472,0.6823224513999714,False,0.07706886128613019,0.15169304028552336,0.07440167621179238,0.10328744298317213,0.057236143791592135,0.03619807969146509,0.012857408929607378,0.3018190529821367,0.07532271067564426,0.013821372540634968,0.009841513927616355,0.08645269669468511,C9A0DC3BF
112,145.5554949857226,5,0.9274098370603997,0.16418526418024612,3.049904515179538,0.6558719874331282,False,0.04007982655349413,0.027069651120062436,0.1399011300278354,0.2032710460274609,0.03547739099031595,0.07139567406688019,0.0062035846214319405,0.17973213985792202,0.1437878717183245,0.03901759655343431,0.005773838166562177,0.10829025029627604,C38453D70
113,90.56675008403181,6,0.9282523441382875,0.04326745477441415,2.7531151610078712,0.5989839414411513,True,0.0947703194290327,0.04737664128934208,0.12602707414499434,0.11797676842892774,0.11316923455377696,0.12205751359351397,0.009713842471084665,0.025759170168710262,0.1733106637106128,0.0733451292195423,0.03775512179671668,0.058738521193745584,CD67CB721
114,90.97772271559711,2,0.8770409389562924,0.05849737629271587,1.2023548201081848,0.4084678314630577,True,0.07386293282697672,0.12509204414438066,0.07803629910746226,0.14677198796910224,0.1064727979286352,0.052731163787110444,0.009287703698514324,0.061571396895954054,0.17304539174562586,0.02026811183409221,0.07620847791046577,0.07665169215168036,C74B430D2
115,55.877004633094074,5,0.9905080073797965,0.05112001910803144,0.6319352290541526,0.2671169569171166,False,0.046086662309003705,0.07914977976683048,0.22474337338823847,0.1461084133319289,0.09140689623513394,0.1138323152514858,0.018416967793563003,0.08559234650197832,0.10639123935150792,0.04686201821288029,0.0030526583383102823,0.038357329519138963,C12EBAA83
116,91.66126793510233,5,0.8709968677241718,0.09982400013775056,0.7012223432344546,0.35576392053616035,False,0.04962105737951577,0.07444009406828114,0.1816196304640928,0.19973894980422358,0.12861144028770402,0.05846280941019534,0.006411739234784371,0.09556512203092699,0.10320177615866012,0.03187216274802386,0.018696605223945503,0.051758613189646516,CB1232434
117,177.9900009553811,6,0.7696964936277711,0.13061237084960353,0.9341899159848606,0.898198996527157,False,0.055360039784832255,0.027320455072034625,0.15441734133657922,0.062143931535832746,0.1353994972579433,0.04707240315098018,0.05879565446702715,0.11671597785400192,0.18376198373634142,0.0819716667211824,0.025515002276894305,0.05152604680635039,C4F5A9DE5
118,54.150753556791514,6,0.9059087065400159,0.25338531398865416,1.856945966441541,0.34109079744178317,True,0.049433693021191875,0.0516425682595964,0.03637303524446452,0.08827460756600533,0.0933813291301342,0.059533155788096884,0.04694248620248597,0.24268995096261367,0.16456653510436145,0.04480158971264909,0.05457223601179517,0.06778881299660547,CED921796
119,140.6710369524797,0,0.8592799832130282,0.03950130913029964,0.48714856368184917,0.6566149251935987,False,0.007258589452788172,0.07736995209246036,0.015673693132915403,0.3958885688342388,0.08132315837101911,0.040594060198331734,0.027009454556660522,0.11421417294159042,0.10677252714742413,0.06899698595811525,0.011955866684503732,0.052942970629952374,C8BC99147
120,70.93974840313979,4,0.8346215932751264,0.03410134621229988,0.9563591882908072,0.39659358155559316,True,0.009036620863442977,0.05870369064996108,0.13162114055592913,0.26916713857123864,0.07439365154840986,0.09215099993344182,0.029919858231667273,0.12327788683657982,0.0894422751987726,0.03091144899192519,0.047893804580226226,0.0434814840384054,C2A010AF8
121,86.04842624719791,5,0.7444571689452607,0.13096287112537233,0.8829936858610263,0.5778400490552066,True,0.03012677650951262,0.03238430380978489,0.12699860974232477,0.17919400225377669,0.12049505457072525,0.06161488489174628,0.0023398380182188963,0.03746971751368158,0.2125537371468567,0.04341715623359172,0.03876241480668904,0.1146435045030919,CC83884A9
122,80.77727542451765,5,0.9599928460222491,0.10273115553716788,0.5815236581588908,0.41712493064251616,True,0.05211279790313547,0.13293782828365477,0.12385152039029204,0.1123564306270933,0.11193242224150023,0.06377559100447798,0.024163716969302775,0.047266040781185,0.06772045740444299,0.02200348824422996,0.05232310982970646,0.18955659632097902,C666FFE5A
123,62.78630945486132,3,0.75880871149433,0.011344934134521324,0.5754599804503285,0.4784073751657892,True,0.03655035037891367,0.016888646030452294,0.1325529715130549,0.19570517645480923,0.2042653783541536,0.046078756647766395,0.006251643548714204,0.06549144732243914,0.18365923987467142,0.03267300457450168,0.007788893876556641,0.07209449142396676,C04A7780B
124,93.70153711416661,5,0.9516962735668962,0.1647814427840315,1.7079408950028314,0.5171254278536777,True,0.10954656108843362,0.06511478905754849,0.041610048948017,0.15465736636588845,0.05677577966774642,0.12218766033081635,0.06657473041384848,0.08901789025676549,0.19927146407135776,0.023144670734115854,0.03076666865026444,0.04133237041519761,CA2DEF1BC
125,78.4444927255342,4,0.6704103925480683,0.03465009645835143,1.5433358463939557,0.5002841752898717,True,0.102444589771757,0.083862356539138,0.22149165835120105,0.05427299740226306,0.1512198246711685,0.12409847961860787,0.025075680924185165,0.12361813867516876,0.036083541953722376,0.009977359148983749,0.022517047347915875,0.045338325595888615,C41166B6D
126,182.31343041658695,1,0.822990576189929,0.03704662383963052,1.4569632816324287,0.93899350302098,False,0.06657246469444775,0.1014909059155178,0.1428547518204587,0.04672180209598384,0.14397973366808534,0.05845795548144722,0.01668855011148495,0.07788928935386291,0.2548070958631935,0.027068500678713702,0.04643180755117846,0.01703714276562581,CDF4DE51E
127,77.40861045334756,4,0.9711153781463574,0.054194529402588086,0.7876829836079458,0.5377250256656034,True,0.10012898641457152,0.03970631181312492,0.09621666089485706,0.14446862632590277,0.09179039864249228,0.058756414423098056,0.042920715482638205,0.07425447658059088,0.11274628544115294,0.08493201567933,0.06146527312772095,0.09261383517452033,C7D855ECF
128,94.1238015576817,5,0.88196750356985,0.3268256527763416,0.8757068858472681,0.6548726835489194,True,0.026331494471432532,0.11130232352608176,0.09959642395278581,0.08932201886081532,0.16530742909923504,0.0651671885363594,0.06584325427297053,0.10795618280906895,0.16370713874591453,0.05245934016723212,0.0178450237833436,0.03516218177476034,C1BBCD880
129,97.5270538337964,4,0.9010920567384159,0.030313317870455474,0.5017267853003955,0.1832467225722792,True,0.056909067747639326,0.17273385186216686,0.09509212220865286,0.14632913842558185,0.10893984267172531,0.07862316803518689,0.02912096683150051,0.10352915854467062,0.08492112812912819,0.04615548083063446,0.028322833540522063,0.04932324117259111,CB9F45231
130,56.77765413034299,2,0.9302451883011867,0.014697111471129254,1.0643382428002968,0.07807350239675451,False,0.0611685311570882,0.07150106462973041,0.0739020158103926,0.09201719491407596,0.12092004057234833,0.02847634773041542,0.03533006751866742,0.031081470398469587,0.2153351284508338,0.11526753751714663,0.12831726583907424,0.02668333546175736,C582BCBE2
131,42.0252116696737,5,0.7105265844149945,0.046707861880480345,1.23015124649136,0.6308970423670316,False,0.008471673664112212,0.028466256438701577,0.1610743947657046,0.23233887200482617,0.0766828702255898,0.149100028689607,0.013433695241748188,0.07936712547393658,0.09176442430324983,0.016039518332851666,0.04380541080556609,0.09945573005410632,CF6634593
132,132.3883407289006,4,0.9220909939796158,0.3711414356914241,0.6797227207008165,0.6930411798701462,False,0.07088322874925078,0.18503915325272383,0.03859276783869513,0.20159385697132612,0.17712736100199383,0.07184206717328863,0.01145414406575474,0.03698708651160459,0.1293790845030498,0.025068090860955614,0.01188251270174007,0.04015064636961687,C949ABF44
133,91.31270071170754,6,0.8423654664052086,0.05688191162431389,0.8807542497378467,0.33922246196147593,False,0.058110458172692,0.03834707811050485,0.12747061645458382,0.1691334608415406,0.10320177538336563,0.12632367461406707,0.00920463557179881,0.17984588614439334,0.10160301170885665,0.014043866172139015,0.023656040933437997,0.04905949589262023,C32D238F5
134,71.8912407929258,2,0.8573020634544816,0.024929575587912957,0.557449803218491,0.18462710438562144,True,0.029747298343917487,0.08170587530636397,0.07055632999623475,0.17662683328632436,0.05280933264764381,0.07907247738168435,0.014606911867107983,0.1322454358759975,0.07029322029761523,0.06238212895072494,0.12770410901729493,0.1022500470290908,CD109B2A6
135,152.64312078163422,4,0.9134623519782329,0.1198748865114721,1.3050820170163662,0.5406299531573934,False,0.11171961768072798,0.12496352704458738,0.08857003826407593,0.03594227289449341,0.09719246353914955,0.05109797569846289,0.08873375213843822,0.11136039590706816,0.0860402718080066,0.043179268374075847,0.012828239869184358,0.1483721767817297,C6F412C57
136,69.7512026481144,6,0.8813275243639346,0.010964129177328722,0.620405122016954,0.6615127977586726,False,0.07378569444280327,0.12175477224343459,0.05865054679867709,0.0785540763951341,0.12939883819878722,0.08221663761202977,0.04011752260436646,0.045948372490434666,0.1376903168209809,0.054596312945167536,0.09677796321561243,0.08050894623257171,C0D78A608
137,59.39694497998182,5,0.8787358946995282,0.16512913515020447,1.1418235921590663,0.44325158201569337,True,0.035605445479244366,0.0721347313172253,0.17387052113938714,0.1524686614437086,0.09332361748675505,0.04160600791395215,0.003166996503754855,0.0821605654897333,0.16715205322689486,0.03913998718212036,0.0052323843053817065,0.13413902851184223,CABB01FB9
138,55.68974140739603,5,0.8951400305805447,0.19573399136438693,0.33111648940847677,0.17776395021306787,True,0.10612529816278218,0.09893805399077737,0.07669508211302385,0.13670671896471617,0.14975862591812994,0.04654056973512367,0.012599206821972925,0.10480949520663906,0.17315371261387452,0.011260475556245302,0.02478677204558262,0.058625988871132344,C49E7996A
139,68.92210851620639,4,0.9396960076737749,0.06826114382555509,0.6339223233201063,0.5084954488335955,True,0.1212560090078532,0.0850582642799656,0.09541668367195454,0.1142972122622687,0.1405202608253417,0.1025270586437572,0.026890651743608,0.02242314396254529,0.12235896073700195,0.042064304963982224,0.008979706030247237,0.11820774387147434,CE81F131B
140,83.44128020448842,6,0.8768396922079842,0.1070961407549756,1.0901769666101788,0.8364529289086706,False,0.1326616143850846,0.2118568966785336,0.1022442922668557,0.09752964687479992,0.08289297306175743,0.06458108148152052,0.005985485410456323,0.09180541134950068,0.1331538658998935,0.006876838075573809,0.020064762151351997,0.05034713236467182,C86568CCC
141,49.586055391973005,2,0.9555306816062458,0.04738474320034371,1.592332946782286,0.2351350318158595,True,0.05187674913390812,0.03533812788456409,0.1283079159724331,0.11300419331293844,0.26487906065654265,0.07865229394639266,0.03921519272036224,0.09789033806797626,0.07782755681338478,0.021046562771772335,0.047645698053599014,0.04431631066612648,C248E067D
142,97.15346089899714,6,0.8131620739923936,0.06562580383380572,1.1448172999550759,0.7238320255633021,True,0.05024474509053824,0.022878383944482807,0.09416103824931825,0.09088827381956655,0.10018280618867724,0.06835594101812527,0.01948231836864999,0.23207754181357662,0.14696989293269427,0.10067534832563894,0.010248456525336064,0.06383525372339593,CC2C5802E
143,138.49520911781858,5,0.9806694415573934,0.02196496492188207,0.6719730827491649,0.5068141025732724,True,0.05448591056949997,0.07134125740437844,0.06389090537884685,0.1558614267611712,0.09453228061671365,0.24517181597291945,0.01110731258673582,0.1382249248709133,0.0750504988605527,0.012105994695831516,0.006909252976532932,0.07131841930590414,C60FCF9DF
144,132.18914839226176,5,0.8150106242974378,0.0327903513551356,0.5501076492606992,0.867886002991019,False,0.06972329823611759,0.04266831897489252,0.07375383136655825,0.16811360592716681,0.15834651766553387,0.054204384914614274,0.014630368732032877,0.15111381409926034,0.19834772150582644,0.034661394094789584,0.010800559570058306,0.023636184913149078,CFF347390
145,60.233244111117884,4,0.8732630852606873,0.1456466476114787,0.7454594260641952,0.348458001661168,False,0.04751181930572899,0.07887779045237607,0.08735742419468179,0.08012704453289571,0.1376884243088058,0.14238689897881185,0.041074466427159,0.10359231112955603,0.10143140507260726,0.025616323498660203,0.03222816791530282,0.12210792418341451,C9D6BED41
146,41.03064824247113,6,0.6848515595195861,0.17015523606312366,2.5303361069053065,0.26378324016143395,True,0.05874620518918536,0.06014911862063702,0.12994090065940148,0.11674178364082653,0.07372261591326057,0.054459777054027804,0.06668627241552182,0.1217165524271053,0.19764744063473882,0.01833161940223998,0.020268678695963275,0.08158903534709197,C3BA366F2
147,55.969708321967445,6,0.614034223211434,0.22061847200302268,0.9248709062755122,0.541027153400138,False,0.05586161965623652,0.12603778544168534,0.12421975318707565,0.10210223675036852,0.1857247085822875,0.060390479740885586,0.05191003589083061,0.04373455782300184,0.06638075077015272,0.05479009115649892,0.05910270102231931,0.06974527997865727,CD9DAE0A3
148,101.81967937581881,5,0.8100436268364858,0.22935659348618415,0.7273503888404285,0.5136436044512955,True,0.03097511181349979,0.05256369530105941,0.14301482726142056,0.13415990335739,0.11686874411796844,0.10211793452813712,0.041766142895806185,0.10289668744587299,0.12038452510399934,0.07016027056309049,0.02882097082708289,0.05627118678467252,C78125A54
149,57.26120029046465,3,0.9308293363053324,0.04979896907328052,1.526783445422985,0.20690857099421925,True,0.0626816314626905,0.08420726960577475,0.07871749583914424,0.12698665450552876,0.2515229614340967,0.018688657820063567,0.025557423439975517,0.09762860294307371,0.09956384683573478,0.08012972616212391,0.027674828953085876,0.0466409009987078,C1649D405
150,38.72726374345447,3,0.8704259659963657,0.3433296361007549,0.905464990266711,0.14536980864482318,True,0.08382070492174049,0.06378382306175599,0.04049644863724465,0.044028889806738074,0.1152323999284718,0.143445931268472,0.03990368439346793,0.07870649579185558,0.23054862443945814,0.06247053994211153,0.03933744051168489,0.058225017296999124,CB4814DB6
151,40.15848858403567,4,0.9251877177373822,0.11319081664533433,1.1207892542506666,0.34682141059619276,False,0.04921295941065411,0.032041793032095554,0.07664428340390829,0.05270005078740734,0.07219161603391439,0.11640477247591267,0.007088415120825661,0.21592142986917268,0.17586688942390072,0.030680667200607806,0.013153794720889274,0.1580933285207114,C52B8C767
152,123.7995258895591,5,0.9200159209903604,0.07522144402389379,1.270833702931766,0.34604590911675626,False,0.06415172257501653,0.05857488932682955,0.1037007171929877,0.15918680813716335,0.1360793504058971,0.026081549127252718,0.029399751516853208,0.093344279238392,0.12799240406591925,0.10516069019215321,0.01587521446140783,0.08045262376012763,CF0F04118
153,75.24780755544434,6,0.9856458584480345,0.03203143225769442,1.0321870855001196,0.4679960093695385,True,0.03163740492445339,0.0746692739452416,0.16588585207065376,0.12443588596604942,0.1317827026226799,0.053464712354500524,0.04409056858191959,0.15111737489468535,0.07079591828702357,0.03276953166968297,0.06088139079326772,0.058469383889842144,C8F27BAC9
154,114.65011580297971,5,0.947761869176703,0.017245760861763822,0.7580117131493469,0.45350907054896644,True,0.03901185644957507,0.07096215659835865,0.10045530885718677,0.06533806465759937,0.13654993717574782,0.09466345525977919,0.011877190692820868,0.12535891297217258,0.24498795078391325,0.04305210769502599,0.016951764146287893,0.05079129471153271,C2D5F347A
155,69.76692924797986,1,0.8753709217461174,0.09803273016266831,0.5888861802236308,0.6059668535899633,True,0.059728796411089226,0.057124984504160876,0.04379238383911247,0.1477391336010229,0.13340373722164642,0.11964295600725498,0.012545640994702359,0.07946518703022315,0.045986489852819265,0.20958563318190546,0.055092374554692417,0.035892682801370424,CCB96AE2B
156,99.0359010093997,2,0.8870594475822234,0.16520621597885882,0.6231051933064675,0.4678976327116237,False,0.025979147706641836,0.11949028666080183,0.07150798607704731,0.08829093569496206,0.12352238332176782,0.10520902549645521,0.0024047985303050907,0.050594559042689065,0.231619581708795,0.04197165600967383,0.11722158933343203,0.022188050417429182,C69CE27DC
157,72.65523930782665,5,0.7052092461297019,0.0783497548237808,1.221219083482023,0.289897929226264,True,0.010646116339931407,0.14379347171796997,0.1463060496750727,0.11142322914404483,0.05785123093000976,0.05568638702398029,0.03171290235618904,0.1249241530763563,0.05607962270028425,0.10483754719945784,0.06707308378971698,0.0896662060469865,C0805A18D
158,147.63161144014046,6,0.6157571574664461,0.028114461731190903,0.8762497079875583,0.7191985840714538,True,0.10508167195125565,0.06341502017449471,0.09999927504317084,0.07537147894391465,0.18208689771458028,0.021659596615084487,0.01588363674568162,0.10136922078833979,0.03742007234901617,0.11222478550295756,0.13699194583957827,0.048496398331925906,CA63D1B3E
159,80.17002543151482,4,0.7978815013014786,0.09266348660461521,0.6846732857673733,0.4814374442395221,False,0.06978750304759426,0.04463139451328593,0.05755941932060092,0.20469997556763106,0.102563181091307,0.06008169751896246,0.03724321148960132,0.05603506427073694,0.13856214392485292,0.09596345158907933,0.07631207618817108,0.05656088147817667,C447494EF
160,59.06235984584991,5,0.7210171977729627,0.2553395888531144,0.9422453163521671,0.2627186753211148,True,0.04705916024557583,0.023086003648459863,0.12273807173030844,0.06048422614335817,0.1863176056726448,0.11735213548788744,0.054294149454095546,0.18347357029522912,0.0853007464761926,0.019779303319482845,0.03108018158544532,0.06903484594131999,CE2AC0EA0
161,88.16608609747388,2,0.8338175183581269,0.05843564591192868,0.3382649364671285,0.4942911265269143,False,0.03731930241591219,0.050549724242926766,0.1314369169080491,0.19250491239914302,0.10167577238144213,0.0555786325590249,0.024949561811957763,0.11418487980342343,0.047449115571697946,0.12966589100193676,0.050663218543243085,0.06402207236124288,C80E38851
162,107.07482579324558,1,0.7109781549605967,0.08066143355559471,0.9766646261972202,0.39941238277063745,False,0.060645269017919015,0.07197507167642103,0.07584812400797371,0.07055548240012083,0.22537917288229717,0.07143932925110572,0.009283500568479151,0.12563118306157112,0.1484853792393446,0.011830568478330434,0.05508299594397301,0.07384392347246418,C1F1B0202
163,52.23012528507341,2,0.7746378082498561,0.026791205018990984,1.1083723371398178,0.34529101209126206,True,0.07677833064538613,0.11246191531583036,0.05535424744858745,0.0832816698644313,0.09324881388574593,0.05129764656712382,0.04183779894565911,0.14999836408549194,0.15754312231232645,0.03567679224232207,0.03791276967384223,0.10460852901325299,CBD527BB3
164,214.1641574238515,5,0.8551555856729159,0.06861373282461251,0.88831339089877,0.7469972058093,False,0.06760697014707648,0.05238557236710559,0.050951685958949916,0.058467387693989875,0.12305215110216489,0.13945793595274228,0.01682952110348806,0.12393337063438781,0.19049010272090044,0.03857080718914613,0.08449739355474249,0.05375710157530626,C5B89F564
165,41.43747276625259,3,0.8334384578953421,0.1867769521593758,0.7665601012503257,0.41149986069725225,True,0.03353846074446361,0.14616498999328095,0.061383594680593255,0.1416200334745578,0.06010214761049677,0.07863031017504649,0.01148095290424911,0.19262259419537303,0.0770160330299651,0.038595037065561874,0.029667727465412432,0.12917811866099974,CF9C16F15
166,79.33952170850563,6,0.9080422994625547,0.1453453496979981,1.0030379584205595,0.43956286322005406,True,0.06310918097045698,0.0743112071995818,0.10328447202008298,0.1438102338114194,0.08859901307497424,0.10431753456965141,0.030115344412445122,0.06193563459931758,0.13481573623143306,0.07257912223277625,0.07713480426896074,0.045987716608900504,C97F8E8C6
167,174.53689719374827,5,0.9234626557950951,0.005649370433825701,0.8425277335742171,0.7146585212561395,True,0.026205514626121595,0.18983890253312224,0.20027902394148542,0.0633753902772033,0.07039166392233766,0.05616165582830675,0.012278234973342982,0.07119072479614665,0.10623870310635117,0.029987173618603934,0.07774772492206192,0.09630528745491641,C36306277
168,46.31534274470267,6,0.7984243705209576,0.12198578682010791,0.789346124849162,0.21931199669298163,False,0.043255861384492396,0.13116933201088146,0.08502854761161585,0.21901056277388187,0.053037960310358664,0.017524061548554126,0.02400261995298906,0.0624656349061676,0.14052639665488928,0.04782571915863856,0.08142018022491113,0.09473312346262014,CD467DC28
169,71.14829451829935,0,0.9057976136011877,0.07163213164864218,1.5672349917138708,0.17039791719995345,True,0.08014740945217069,0.16346298089842623,0.22739965674959936,0.06847786115042781,0.031364678865201716,0.03766869385235224,0.09094945566322876,0.042484729758334804,0.12493044737940463,0.03981474082944807,0.053070694541734215,0.040228650859671596,C729F55D9
170,51.68615030060937,6,0.6115516851902352,0.06804614293444604,0.6382484871393875,0.09051752154615753,True,0.05683486842134721,0.05518341762142956,0.09410264651896036,0.12281065409933306,0.14488667218148668,0.032031709310191246,0.004441356224077989,0.060799297612027514,0.2528104319229514,0.03089650139896273,0.0786256961579697,0.06657674853126262,C10D6CF8A
171,73.2521703493321,0,0.8471993205150086,0.10131910955467482,0.5848948773820045,0.4031150027961352,False,0.0576839003215207,0.043186561610966574,0.07520479929150575,0.10629360249834825,0.10860720253410656,0.07563572206757975,0.0034404245969486733,0.2134248938973253,0.10530606934426659,0.09216724526266587,0.019025345803674886,0.100024232771091,CAF0E493B
172,69.01888605404783,5,0.9211391498745137,0.057142256622648546,0.9501041176085185,0.3818531028308292,False,0.10412277399978394,0.06773138346770703,0.07759451607280762,0.09313892862946295,0.06983178613484134,0.08752631504722584,0.015504017302598115,0.20823977085283848,0.14137530482575228,0.029665917432946404,0.0506301630259708,0.05463912320806523,C4D45C2EC
173,80.46745338536553,3,0.7610729836566277,0.08440716813923757,1.5397193294074392,0.8191728493365544,True,0.04207105987641599,0.0731787017641307,0.07275167357530646,0.09738386408777401,0.13016697559137708,0.14896558618257497,0.015853943256172558,0.15691277908453283,0.20231523526635595,0.03274732843867505,0.013971219557331944,0.013681633319352522,CEB7D3C9D
174,148.09730499675936,6,0.775197915222109,0.14231526829674715,1.3180436939958013,0.8533072208759741,False,0.047486494636330326,0.05189595206502055,0.12262700769770152,0.08862018962487808,0.19897378936696486,0.07256551669852007,0.017509243782031825,0.17620203899992903,0.04413201241545793,0.051612338009929336,0.03034538284723698,0.09803003385599941,C89B4B64E
175,157.78586213019926,4,0.7929343187870301,0.19456166472849143,0.7184705898170618,0.9630057154410431,False,0.07904225093700991,0.06196679130675056,0.03814173060032496,0.046454389310028696,0.10949638231336699,0.09645298834614457,0.02769249208661585,0.1312258890341915,0.10976018448551168,0.06943393256322128,0.05262306394985413,0.17770990506697992,C27EC2FFF
176,62.57054542280439,5,0.8444896394541724,0.2405338291739102,1.157045834914204,0.3861149374935935,False,0.054855631237037926,0.08119731478226244,0.08160875217343712,0.11668418817771647,0.14244804699163727,0.05360813507245433,0.021066870781927552,0.21784021158442127,0.1179453344075392,0.028472758999970593,0.02059828415695782,0.06367447163463807,CC623A9B0
177,118.97727542371233,6,0.47468098441662154,0.07344947828909489,1.8160720248542206,0.8380967749966927,False,0.10355102744724992,0.13198844906736992,0.017561049926599057,0.08145469754925266,0.14869554917318153,0.07751555535295314,0.0021923618890534666,0.2384781244028838,0.0895457498725235,0.0018885221637397612,0.020994707387753716,0.08613420576743956,C645B2361
178,54.91704518517881,5,0.9000205042898725,0.1480764762180194,0.6391721538916492,0.16227289516296753,True,0.05509907437067643,0.03584871685782169,0.0909031995370866,0.18847421959932426,0.09703771844679598,0.10225484161761264,0.01565786111058725,0.09025878572482453,0.20960729796237726,0.037106810606485664,0.008009505698266937,0.06974196846814058,C02929D12
179,70.72687309293322,0,0.916828113191207,0.02939458718143646,0.4443782605041939,0.4494587282170701,True,0.10914367671863998,0.061508461297401125,0.21104381698256347,0.03293004049353851,0.0878448837380068,0.07690804729759197,0.045876633531316824,0.160284636111374,0.060851235593435325,0.09841879146582286,0.015354927520339099,0.039834849249969946,CA0CA16C3
180,162.96266414663756,6,0.7438791680211302,0.08548214632142585,0.7771432841188296,0.5981837554698555,True,0.08476655260081778,0.1156347057347114,0.12311237427204291,0.15810565437046512,0.14319153994376044,0.032843483599198996,0.022057911215268386,0.07907642272842982,0.062075685799236203,0.06812011673688619,0.029831606753106102,0.0811839462460767,C3F019074
181,70.14038679101853,5,0.6876955746595,0.09548893075484853,1.2288921738830405,0.8023879911296173,True,0.06758611259579278,0.09742228712653787,0.12309535548288948,0.052520437770326264,0.14334130189119126,0.062415583239944825,0.04373114752844201,0.12177143382638775,0.06928605258912073,0.05979134671964249,0.08193335234099357,0.07710558888873104,CDD390A25
182,163.47196902034176,3,0.7599405838949346,0.014655246956128281,0.389875739526537,0.36216792319913993,False,0.06321324251768078,0.21025597698194518,0.05260669852159646,0.07818510031583932,0.18086972363910497,0.12544118549740468,0.03868336381966114,0.04512387142564537,0.05719477582496706,0.04715632435345788,0.03277489974555943,0.06849483735713764,C7B7083D6
183,89.27100288871576,2,0.7414594061204701,0.059975018097788844,1.5779259444254163,0.3330888748524578,True,0.012073660131188702,0.16902122650778909,0.06052669234283722,0.07534969518689906,0.07521302752125532,0.09660471575954038,0.011970428973191182,0.18677339795744077,0.13951476781723005,0.016921383658156642,0.0381525108786679,0.1178784932658035,C19A7FD87
184,67.13515979317327,1,0.7711847597763287,0.10555293216445905,0.9929584780619889,0.2882436047839441,True,0.05461231209500748,0.07559016471492658,0.24971767923945787,0.18204977811715115,0.07628912265154467,0.022574071781828495,0.02867988054295954,0.08396046325270806,0.12150644030395326,0.028175985868978824,0.03811993698075932,0.038724164450724664,CB7DF7738
185,109.91857076482064,5,0.6383840429605739,0.09992521706471447,0.779191591825621,0.7662771618901215,True,0.14712631469655013,0.11498004102295431,0.13373819178599522,0.12880850525478185,0.026090817498383063,0.04650265155537844,0.00595718858902862,0.13497229096783644,0.1659026100578514,0.03946799987580831,0.02322659720024999,0.03322679149518206,C5616F0E9
186,75.88183626463565,5,0.7422676762243519,0.2432180049806485,1.0261814259387123,0.2969102706530646,True,0.08436520696582378,0.05066563308556425,0.08556779357258297,0.05710123411571201,0.03275670850255527,0.11172423988347766,0.0737125823039885,0.1475942122206897,0.3029124621655088,0.03326469939140557,0.004236805391874192,0.016098422400817283,CF44E6A9A
187,70.04160510714173,6,0.9816600503325175,0.03954910884943725,0.6174583809149039,0.4692858788269891,False,0.02995060769551635,0.04425127913020241,0.07406136830148441,0.23551146855071595,0.14894001103068957,0.04368743067073262,0.1315983988498826,0.09821817916304217,0.07989210647399668,0.022695457004990344,0.059283068210441374,0.03191062491830559,C9285E44B
188,107.6163975684856,4,0.9650881509330158,0.0790352637860095,1.3055562722308127,0.8830397890398499,False,0.016807758242527105,0.0719884016877708,0.09278401412979742,0.1995573453696982,0.13158768569250404,0.1462709775190001,0.028407811830336128,0.14284442704415493,0.06798724167584493,0.020694865814583855,0.03833870676199252,0.04273076423178991,C30BD5DFC
189,69.32765403870565,6,0.9481370998365352,0.25516369889546525,0.42827029074224304,0.3810814778031154,True,0.041798886067330045,0.10712396767146937,0.1506351938701008,0.16787058941012994,0.0779667252598413,0.040149369781365414,0.0010317524126429627,0.11020056284012185,0.20424142129225828,0.012591539848108887,0.010506282096107693,0.07588370945052342,CCEF4D7AD
190,71.51023435733842,0,0.7413671280804246,0.04725197033962969,1.0053062106683108,0.38284839969099865,False,0.11456557225204023,0.07472814729756135,0.0769568791269988,0.0859334608547914,0.08603695269854389,0.05222728963825725,0.016931637669044725,0.04561436370999475,0.07271091099790597,0.09725320592324763,0.07713995073612703,0.1999016290954869,C6D2C515E
191,58.85024814670245,6,0.9862273418578564,0.15593485331828633,0.891611459240912,0.2928003427579736,True,0.10920180178730272,0.08629765230417841,0.1644829592479736,0.10123475179678858,0.08506971452146186,0.1025085664482614,0.0403551719061739,0.09762985620395688,0.0829877718884092,0.07298384928058559,0.028470452079569417,0.028777452535338557,C0B63CB0F
192,141.82217623470947,5,0.8884826944685639,0.032506862553416394,0.7312845176272035,0.8797552602744013,True,0.10888828182319958,0.04823321084216093,0.12923991576405736,0.14508449693118766,0.12392991343980438,0.08014229109933967,0.01003442343321316,0.07624722628220784,0.19093375044700486,0.013447912313809103,0.0493290932631802,0.024489484360835208,CA99B44C0
193,112.71050133331825,5,0.893613947511571,0.08238235416796798,1.1920259352369231,0.5650480741083274,False,0.046528785121113796,0.1544477184911339,0.09738583022784639,0.12065857234555431,0.04600647087285285,0.09425501807900681,0.04943691148986558,0.17187557186244415,0.09479788651942882,0.018549946160716528,0.06257266676482645,0.0434846220652104,C47D2BE71
194,71.14594954942572,6,0.9840758958104708,0.05631025031373987,1.4707089730596603,0.47629419360333003,False,0.03513412614674524,0.026084575123692128,0.09525397744903626,0.09831003049749135,0.234875538774091,0.047995158757056025,0.04194053887843883,0.12804973001041248,0.15982848976779554,0.037815723994459975,0.009245243889575311,0.08546686671120578,CE60A3822
195,69.63157553766068,3,0.9146243938427895,0.09251247589011782,0.9504229654421814,0.1610670212223651,True,0.08567918010163152,0.06656497276047779,0.17211404055362944,0.09958989996107721,0.10373185018311482,0.11237620986338895,0.0038842635460062955,0.06235659437939232,0.1526063267940508,0.06787553806693185,0.0404263965345846,0.03279472725571459,C8441B1D3
196,70.66123672453155,0,0.9152165956607918,0.1632468605170122,1.9038741293297576,0.6385856540943934,True,0.11512524166219759,0.07060107627619266,0.1189903370379032,0.12024850756750122,0.16446373717702015,0.09779543927287214,0.008513904471034893,0.08370344105931307,0.09408376469297026,0.022376115699490325,0.05787545705847047,0.046222978025034,C22792B84
197,72.36129105537584,6,0.6532469194487718,0.29345598253050403,1.297178529950989,0.46415139527897065,False,0.10591753485957839,0.09992078171822211,0.0798436835503914,0.17100881130929693,0.07386243085809045,0.05692604848950778,0.02022423515207386,0.030663225712352637,0.24311143955975217,0.039840169740074094,0.06413160451267082,0.014550034537989165,CC0B0A535
198,44.023407838756924,5,0.8588965163029971,0.0672064959514446,1.0089667843057049,0.33671981810159657,True,0.02689088452037629,0.10073381634867308,0.11319555249392857,0.1928852199221181,0.14403871641271954,0.0643477229720272,0.006372033729594452,0.039543655577670145,0.1773129135893266,0.024117743509453348,0.06526147839547757,0.045300262528634956,C5EE81EE6
199,86.8475428185849,1,0.8992681367120298,0.23881435860936176,0.39532053300290787,0.5479032002705448,True,0.08479408228563805,0.03462339662034192,0.12741592914221808,0.15425717194950622,0.11045204204907152,0.0593091095872813,0.07719374750550763,0.14224015164330192,0.06521936313068162,0.0571317395255798,0.053377198845356175,0.033986067715515926,CFD1F9897
200,79.57902281052276,6,0.6908434236132606,0.08832052609096937,0.9494298430210952,0.37771075854038444,True,0.09323200540090683,0.06655493805009971,0.07212540547582297,0.20473776854610956,0.062425673685728614,0.025899204690808694,0.04061561839584298,0.06962898946325118,0.12869319757969375,0.11206299939725889,0.048426256046183835,0.075597943268293,C9B571248
201,78.51635325342224,2,0.8160330082255044,0.10299462259990659,1.1947755503749564,0.3736893699487072,True,0.037306043342579746,0.15145605728871975,0.06967839848702807,0.1483635016623666,0.05215854438004008,0.10562916166239517,0.03512423869261543,0.1051999563338482,0.16236397387692236,0.05554778388599515,0.02560278991168801,0.051569550475801536,C398E8BF9
202,89.30774753431245,2,0.8560884057365039,0.14319731004863945,0.5065364318302571,0.49764099700266917,True,0.10835306238080235,0.056355398002666424,0.08650443830791121,0.15027280969723908,0.05360999108613277,0.09242946317393542,0.005286391317381273,0.0634334045490866,0.1267171112913078,0.12556007211112596,0.04472466981747935,0.08675318826493184,CD7C605AA
203,63.284588113732056,6,0.9035342360401403,0.06558114231217217,0.8623991154563124,0.18823506841320373,True,0.057562875211939105,0.10090699740646754,0.07616239981761735,0.17058990041753458,0.08534954947615833,0.09925009402058065,0.08882636009283802,0.05579417301072066,0.11096232179537899,0.012832150862657814,0.02837543177182283,0.11338774611628413,C75FD7F5B
204,83.7983738723957,2,0.8321438023064384,0.03800441213011627,0.5095635007851457,0.26671012129515115,False,0.10375874573332801,0.1615025361853107,0.07410915477440469,0.07434414764776384,0.12572623534134192,0.05472110747143823,0.04310477917443048,0.10910057372404966,0.15609932845039212,0.014648316595177248,0.03651410562323324,0.046370969279129655,C1434F90C
205,113.1570868774116,5,0.9576874939005107,0.11967551411275727,0.9581754551482758,0.5781070497276735,True,0.0409407645029504,0.07377230043782634,0.08734802761226015,0.13930013862458848,0.11483813238065524,0.11701742000740883,0.09414734660579614,0.06079660567631783,0.15421164948943542,0.03086602037335583,0.05541174951946043,0.03134984476994493,CB26C72BD
206,110.28965384601177,6,0.8734508288897169,0.08689284584950593,1.9979479409000733,0.701110545286132,False,0.12481720830579783,0.06541795916861272,0.12689449439846218,0.05971593690130262,0.12095741167822636,0.06251157385919072,0.026947868317009793,0.044610006420458086,0.1470850621710964,0.042602418398209004,0.08992002643666988,0.08852003394496454,C50A3EC6E
207,73.07250864391659,6,0.9309222437514447,0.005826477048094052,0.796323726375307,0.7403422881324939,True,0.030415186961014612,0.15822115848501342,0.06306777138945695,0.11378674489702692,0.09933481487476059,0.13051822164804322,0.015385972340417518,0.16121147063898753,0.10008236158658887,0.03792627479630579,0.05838906765422072,0.03166095472816377,CEEDB661F
208,104.97013153597935,1,0.755645403711555,0.037275499754149656,1.3825939539243361,0.5521769915118427,True,0.003993051698482696,0.11099994295556867,0.1286678684506014,0.2106995209243823,0.04489932769478087,0.08399880707548067,0.023542044608624742,0.08691799599821648,0.07852569682732155,0.05387129944703642,0.01727965877839257,0.1566047855411115,C8D12DFD0
209,98.08857502420584,6,0.9259799478381348,0.26336742186318646,0.4956748792752428,0.5908152024854124,True,0.10264921041013186,0.09414288978639593,0.10080383577197434,0.12613320114305196,0.07760374028875389,0.0741151585040804,0.0021138248555669014,0.08545324185818012,0.156974324966556,0.06747719502419387,0.04290858658156442,0.06962479080955047,C2B4A5981
210,64.44949388331207,5,0.9179767625128702,0.049123182883814676,1.9198502536024016,0.3079708600194924,True,0.1227897833748246,0.10521661143916738,0.05391910214314922,0.11203974648286094,0.10701613484219336,0.04906610118522286,0.021807264034379215,0.11837540824005052,0.140124166358996,0.03748707075539995,0.052873335525756036,0.07928527561799999,CC981D332
211,78.82736300266876,4,0.8939052850307985,0.07245284689588319,1.143359233947524,0.3599967023959512,True,0.09048866439429501,0.05239391059086125,0.16279958281967638,0.11863878322595542,0.0627559587435607,0.10518495729187081,0.03618521783811508,0.11297334285633337,0.09043916424728717,0.08722113907918139,0.01250542047482911,0.06841385843803416,C67B94CE3
212,71.67420955766474,5,0.9352958213402041,0.04550110183470532,1.68323201094383,0.23884620794295225,True,0.14064250013819254,0.03194175010017217,0.07045645459272011,0.10296224439801771,0.06924388111762597,0.0615159150483578,0.010292316385445099,0.10812954607193455,0.17082352482853666,0.09439138647214629,0.06416171830880912,0.07543876253804174,C05F0C694
213,74.52049839881633,6,0.9219799764753217,0.050567182355484734,2.7933311287307747,0.39155382200419253,True,0.03618393309102375,0.04055426583623267,0.11999592009937685,0.12164788743838593,0.131026075322126,0.05336198649317832,0.0031394525483693105,0.16770438267774307,0.1541217660648389,0.12410167162088336,0.03167337840669104,0.0164892804011507,CA4284045
214,79.70934813291476,6,0.745412323008004,0.05273076035023213,1.4823253505516063,0.6638792544360347,True,0.05416455509307646,0.2007805356565332,0.06196986099234127,0.09494200283021668,0.1681215084563199,0.03744473112863192,0.030046761966138064,0.08319822304575088,0.11944382512184076,0.038450257946696056,0.03548283637215408,0.07595490139030076,C425FB9F6
215,44.336820059898145,6,0.9386292128666,0.12164023374426204,0.992666408189046,0.2897912693988359,True,0.013894304581575947,0.10010104375787889,0.12004945650881296,0.22154315587174014,0.14639513077350746,0.01916886487692634,0.001357262834000517,0.08215187155045081,0.06029528145078754,0.04024052080826987,0.039274958568566755,0.15552814841748286,CE09733A7
216,110.67551964357844,4,0.8068138710834556,0.06978157588059339,1.6947162745579487,0.6165612459068879,False,0.06639968247737718,0.05159777689082098,0.07462294289200182,0.11004812075501272,0.14002590541434057,0.15235902010364924,0.02676804522120039,0.14777833568562754,0.09453014801808479,0.01929905188715128,0.026844236154284194,0.08972673450044921,C7ECEAD58
217,109.03586014793817,6,0.9352149825345262,0.01255281516115595,0.4968257494447609,0.22710472725073175,True,0.02510017557440143,0.11083354775720548,0.07977069091366888,0.11410929418361022,0.12571859644722322,0.1112213294076696,0.009447065374621394,0.16558591802375475,0.10003844493256372,0.009979167941172757,0.044401733843465796,0.10379403560064288,C1D062709
218,54.774443984538074,4,0.6060601141652305,0.056231692371811685,1.2854332770870747,0.17372362218677648,True,0.04608522865105656,0.09241346078927828,0.05862650054980559,0.11869828207951871,0.09274331064429944,0.05708416533288346,0.023552038159017102,0.0946488809672597,0.14677258352269318,0.14601831706124221,0.031237481120739367,0.09211975112220627,CBB3DA0BA
219,67.31204119749053,4,0.9218542934286362,0.1499096273030561,1.612144125869714,0.4103116229103416,True,0.05641212978086506,0.03488364831534792,0.06444543266925706,0.13670221521018636,0.15423828666221967,0.2776638306540123,0.011190160509033409,0.0833636781083456,0.13411061108732394,0.01494105122242624,0.005122618611063736,0.026926337169918692,C59751A6B
220,84.72002456423076,3,0.7477290026930659,0.0733984190059665,1.1186054365183375,0.43472864122377963,True,0.049629602865051525,0.07878819461081328,0.1614617550199423,0.07323194373275453,0.10698964445973791,0.09028656755714981,0.01794714891434308,0.12468714686055477,0.17809371582028552,0.01762354140014071,0.05024755374974874,0.051013185009477664,CF7AC941C
221,62.92028883100965,5,0.921357188944578,0.11422907654591903,1.4884497089260569,0.453024050735878,False,0.06834434512680126,0.061306018638606796,0.06120966924725793,0.15789799140197786,0.07090166300812567,0.08454084621751726,0.024169729493397386,0.07247855384804677,0.07845993404350612,0.031964895992542666,0.2438926619160054,0.04483369106621482,C95E40DCD
222,128.48236871888167,3,0.8982748356996256,0.10636278942831838,1.0154757492855597,0.4699322859365828,False,0.047467461500150826,0.0606753262014229,0.03763916287353901,0.2230802585173057,0.15459162106107513,0.07117955478830512,0.013047831522187118,0.13089812472510967,0.06231956251432328,0.0335152118351787,0.01631813457485395,0.14926774988654853,C341B877E
223,87.51329697719989,4,0.9132010885763246,0.04332348433877139,0.6281837130614096,0.515474754257931,True,0.1589214131058274,0.02009733974623189,0.11675024959586776,0.22670012872234796,0.10129651833800335,0.0912497346787383,0.006245439032211019,0.06341574943609876,0.0647157186939521,0.007760921028201791,0.01811499482757271,0.12473179279494692,CD253012F
224,141.53272466148422,5,0.9795961331960306,0.04969003893557575,0.5328546379047306,0.41582694618217014,False,0.07508341816525736,0.13546486802090033,0.1296401002241407,0.16167577668857075,0.09511661695259119,0.10942477601641498,0.07405117032074997,0.049987285972403844,0.09757751557056842,0.011457925580877078,0.03680112702255552,0.023719419464969773,C708A7AE0
225,66.47461536217672,1,0.9177896058441107,0.06991596509716343,1.2940939088459453,0.3818451122045795,True,0.021653820115564697,0.2230874463300218,0.0798288546188899,0.10824104773700034,0.12371520473747455,0.0524423204746136,0.003773277650713922,0.13511637939751875,0.1071078230971016,0.032925435605310936,0.015269305337284489,0.09683908489850532,C0EC1F491
226,99.94491847608253,5,0.6013745213189496,0.07336609667537497,1.4370222916942486,0.8113511329744255,False,0.14177196311247706,0.06610701291639755,0.11875269985961058,0.05197465407055627,0.0938670004997594,0.0966888428450577,0.014264404941863661,0.04577048584052332,0.20546169940537606,0.1213506845616632,0.010317843413151314,0.03367270853356394,CACF96E42
227,48.00511434275997,5,0.8915255158308095,0.3141649082868927,0.7921842729840004,0.09529748478317093,True,0.06840169244907525,0.05529346790899764,0.16844681686432794,0.14475725130234526,0.09201214276063602,0.10650198812518773,0.03145000317187411,0.1296402610049092,0.09479774157700893,0.04300610673512124,0.03546996635478996,0.030222561745726878,C4B30E7F3
228,110.76598233255983,5,0.9797104981016755,0.02647106338951304,1.4146685264834518,0.5969764443159828,False,0.07280953027668643,0.08647131383782686,0.10497213486239962,0.10556194060473456,0.09118627459309801,0.0767802210932719,0.080046772933471,0.14161515054797888,0.06399963426523109,0.09282995710495118,0.048271407060534476,0.03545566281981591,CE96861A4
229,66.11328588150957,3,0.7625213836738901,0.12192736635728785,1.1573638881409967,0.44165170575314855,True,0.04675278678574928,0.03009699947388871,0.15827683019887237,0.1202319404579781,0.1200119773139361,0.04188448664202592,0.035582557059365263,0.12486299298931931,0.09845299935292513,0.01157320178864641,0.10783751644781805,0.10443571148947532,C879FDB55
230,81.25314302269301,4,0.9778786123231525,0.18648833272137832,0.5652612149244501,0.36443428188899624,True,0.025593986609600015,0.14135058927093241,0.058364251312850675,0.11768374430152145,0.04410451908180876,0.054933158905555626,0.0821522333202917,0.15857806610733674,0.10601147753537607,0.08544587612776618,0.10000960024366332,0.025772497183297084,C25D75506
231,87.62729708460465,6,0.890128220259629,0.13707863644913038,0.5807548173937667,0.41237816136167105,True,0.06529617417255335,0.09953317803157988,0.02954651224549372,0.11668127166603875,0.08915654630617338,0.12055383215693846,0.035246316465883096,0.1678916451219886,0.12755545281666814,0.08848860476518232,0.037254479005906276,0.022795987245594146,CC40ECEB7
232,79.69546341344925,3,0.8565757018136744,0.07703311539001022,1.2349627056578945,0.5521893879263379,True,0.07906790890090695,0.052007619169875084,0.021443327158562016,0.20301588742960527,0.07758869729548878,0.039052011257362566,0.01224353669320724,0.14041836466747945,0.13992064453947806,0.01773801383968072,0.1459628166062322,0.07154117244212169,C62464868
233,70.73336665125998,5,0.8488118076773674,0.07878098700657808,0.7348072024421566,0.4118201076090816,True,0.04701811725367931,0.061272807243007515,0.06010410425062791,0.2921602524095782,0.09149652036034706,0.0403041036372793,0.026719314782720834,0.09892643016421673,0.12736513785034043,0.08921794176763874,0.01096328758334047,0.05445198269722332,C007DC219
234,98.56210257699824,6,0.9878609122361668,0.05170853441452752,1.1885909181761338,0.6641977958813189,True,0.03151968390060742,0.1041577594452364,0.12956047669400855,0.10909343847479235,0.11436919939789873,0.055535802194642665,0.07706806865473609,0.11637165169274585,0.09772291363276572,0.002726384350333567,0.10022693606921745,0.06164768549301518,C9EB53BCA
235,55.12505575232626,6,0.6242474139664743,0.16113066245822114,0.6963244561623075,0.40024234132760755,True,0.026058275025783513,0.1162600285223966,0.04189722526298896,0.12335840769949152,0.14398846051617967,0.053695515119256264,0.08274803286886633,0.11680789263410686,0.15620491802009484,0.03782346441269724,0.06481967033105968,0.03633810958707862,C3CECB57B
236,118.97900546117917,5,0.9429799874962346,0.2843682704836978,1.831256670709837,0.5837350471216525,False,0.02281234593952215,0.0705021609971753,0.12283933239121714,0.10916148218108328,0.11155584984998107,0.09231775089097256,0.00925075393889834,0.1538263985174065,0.19180881630706928,0.03365637745198612,0.03514919343974455,0.047119538094943625,CDB242F2C
237,135.3183036137434,4,0.9010439871450427,0.16717516995850662,0.7868608235899656,0.41224984622816596,False,0.08097252036002361,0.058936580688738555,0.03938171833067257,0.11103156040890383,0.12429088545211375,0.05080730236059838,0.10641945567288492,0.13832667225326345,0.10634738371267816,0.11466872879736073,0.038357780878536876,0.030459411084225237,C795BA8DD
238,42.39777896112701,6,0.9834413529912398,0.1211316858913546,1.2388895382716025,0.2564126785735745,True,0.05274260694858602,0.091148565026965,0.06129027653034727,0.111428309511167,0.16078000229385717,0.06445225329744483,0.00886786006499433,0.14742205978637404,0.13760054051630607,0.07927873944283224,0.004271973333469879,0.08071681324765605,C1793228E
239,86.03614013527194,6,0.6652174641818075,0.12113643886380757,1.8740444321499632,0.2548666851179113,True,0.015890883177374894,0.11375617888517148,0.08298932962393689,0.04407904969955714,0.09869716901548724,0.08860895059854725,0.052817872035261865,0.14819268142744188,0.12679451891363064,0.1277997246088918,0.031229950106066134,0.06914369190863295,CB5CA9C3F
240,80.63778675568707,5,0.8625013020662042,0.1511316552034494,1.3079532585271547,0.564732551598858,True,0.1832449228332632,0.0277748581657462,0.059069430578134234,0.10603586213076732,0.11062315658173097,0.07945426539606629,0.005410270457060053,0.07578762839590568,0.141319646511904,0.030453795809377827,0.04768155132355517,0.13314461181648898,C540215F0
241,126.65839673059294,5,0.7390886980369011,0.16824143815663287,0.8450686318058862,0.5701013454201086,True,0.04175293075059863,0.022960412206089218,0.015955538109782327,0.1341174922499048,0.09445555195087356,0.07416260682455973,0.03898125508577424,0.1290652179787501,0.22384386262034364,0.10238319372045755,0.058631652426425054,0.06369028607644124,CF2398FA1
242,91.62292022574026,5,0.9446590453752074,0.19181996120052391,0.8864344705601949,0.7302055430478792,True,0.015276096369850391,0.06487252761582687,0.07573041470074433,0.10166365867401889,0.107807261347893,0.062156399582001545,0.04581162370913682,0.2624335918213499,0.15015185175167645,0.006715387106540686,0.015030126859165154,0.09235106046179586,C90710952
243,138.2594452182208,1,0.8982407164347171,0.04586143806330808,0.5791271277957702,0.796823415549178,False,0.04752192468251841,0.03648571869441568,0.12213866094484056,0.1390734606404495,0.05483918946726222,0.1907877991741002,0.03147484334544597,0.05176497938101111,0.08048678509222598,0.047552768127457866,0.07236275796343361,0.1255111124868388,C2EA88303
244,122.69910739500953,6,0.7266700642416284,0.09850375925282952,1.0101216680299754,0.7928549207450974,True,0.019001949196151845,0.0354321760110447,0.013870917446291885,0.04523593373586361,0.11861520740471589,0.09457323628458215,0.03395065784073699,0.2228609215839175,0.16398498770796838,0.026374019778626284,0.1528393574744573,0.07326063553564335,CCCDFFCB4
245,88.82589765562712,1,0.9092150525301511,0.17350746431381522,1.2790317922329677,0.43585075691283726,True,0.03128642474718279,0.06825102743545068,0.14889187923010752,0.03874745973695649,0.14174737847579455,0.11848529350508899,0.11025893005109426,0.06696405297001008,0.11352149785815735,0.08058855883950938,0.022309446706204897,0.05894805044444294,C6B177665
246,87.74775970947572,6,0.8365056881789661,0.17043329468466284,0.5629806269948463,0.33575364101100935,True,0.029884094999953367,0.08861702041411186,0.10871021059481867,0.09406657860647505,0.07200368630089544,0.02429010631809592,0.006663447911906601,0.1052634603713147,0.19701134723135047,0.15408380782884293,0.049821396025675216,0.06958484339655999,C094EF016
247,77.56290280337286,5,0.694238852702633,0.017652026762346493,2.318690936835074,0.7527415433196097,True,0.030358490538022996,0.20335624808822123,0.09234594325039246,0.244606269766528,0.09044278364026137,0.045615124619396735,0.0041727119503764225,0.025287700216107586,0.11681984979659422,0.025325832632229713,0.032382526463931374,0.08928651903793791,CA78669C7
248,46.417562110222256,6,0.9705781705305779,0.11984644951667082,0.6450431466389931,0.1423447743874511,True,0.05790697809263753,0.10525126215382802,0.11864015600186897,0.15631862190974277,0.10741224029746346,0.12059161913221075,0.02017963268996109,0.08788630566939805,0.07765426645290205,0.09542949797938666,0.030389253161321444,0.02234016645927929,C45BDE378
249,58.35611901768676,5,0.7834974957608184,0.07434518547231937,1.1367582853890754,0.18236376858463632,True,0.028331552525777483,0.11426699204234231,0.17358670882090416,0.12292259797230631,0.13100636726640338,0.018005063596554426,0.04708830533266891,0.03637046764074345,0.16288724159348897,0.0412014734843675,0.09172764862629902,0.03260558109814411,CE3F55D29
250,115.62486475523576,5,0.8254432520209174,0.029530431828819027,1.1016275647953993,0.7147686308214807,False,0.09875706460581068,0.07705758720776328,0.09391241084184285,0.17565855943714886,0.019176373507146238,0.04095743687857608,0.012181376533124318,0.2313857380481792,0.13552688364044105,0.035906632362745286,0.020427967649508594,0.059051969287713384,C822CD6DA
251,134.66220504490568,4,0.8387451811573198,0.05628354770931195,1.6208641676052054,0.7825890459461061,True,0.01869892942340384,0.0869604040051462,0.078460712570694,0.19713115668631281,0.1495991469239273,0.08742575190164789,0.042104174616160735,0.0258888580255705,0.21203650303340682,0.032286079839556364,0.02953397146565578,0.0398743115085176,C2064508B
252,77.10235390246305,5,0.8708229280992533,0.04327142796885839,0.8971174191709747,0.8321659755331486,True,0.14417418289571277,0.10128045438872278,0.06899933932951383,0.06985155322576543,0.12147413017201977,0.04085222529579857,0.013579165796758075,0.059997746990333486,0.15276405749472052,0.07315624490131105,0.09363766713130453,0.06023323237803925,CBE9BCA3C
253,135.1530622470479,1,0.806821885038866,0.046596673131064824,1.6322137304403577,0.34035551671305686,True,0.0410396829755204,0.10911011062198188,0.16843580020339685,0.17947152047846748,0.09392239146386758,0.030338169913330475,0.03428741898311148,0.1565092599087088,0.09373645695507563,0.023066156654629237,0.011255752416970964,0.058827279424939184,C5CD343ED
254,76.97744218130943,5,0.7289201371658005,0.034348016927941774,0.7959992114743215,0.8217230687372555,True,0.014458425199414959,0.12487496507618483,0.12960781744044206,0.16756690719755477,0.22143116287828968,0.01425851187457946,0.0014525037981614566,0.07379706066011446,0.07150976125604408,0.03804484851081034,0.05980538681188192,0.08319264929652201,CFB0ABD9E
255,71.2434190383556,5,0.9835410599979693,0.10711773351684181,0.93152303469584,0.35037924273428106,True,0.1994064213633926,0.10784847483400384,0.07604746581001207,0.09535230076805618,0.1367369419925728,0.040836706002853315,0.003920145420722416,0.13233281688289125,0.05139348501547257,0.061931684143850425,0.026022240465292026,0.06817131730088048,C9942374F
256,114.82653385072707,5,0.8258545801032986,0.1382930015441682,0.6382492247953666,0.4170549963630753,True,0.023560464431088814,0.05699172150683202,0.13642395832736143,0.1373628822936603,0.2044994804050451,0.08445376280439658,0.023489183494180107,0.16813009183434754,0.032262220058156,0.02534900400857526,0.0141863084521373,0.09329092238421963,C3779B100
257,39.33527933533688,0,0.841635080104613,0.01057618632285066,0.9401681598529398,0.0908328763707156,True,0.06532511568190295,0.0628939028287728,0.12297703763212245,0.06869516751585766,0.08560063093936063,0.10909442018489772,0.024809701038410466,0.019924461951206337,0.07541077231748333,0.07857546384949454,0.014409449062396752,0.2722838769980945,CD5B12AB1
258,126.61529733687364,6,0.8961042642305271,0.04265271951624284,1.2549849361105756,0.9108513370108985,False,0.06318873252858212,0.09592024290436607,0.15154832625020526,0.139530840315335,0.2280964540624247,0.07101821737996518,0.0031368826195619036,0.031847286871729115,0.10874539376691775,0.024261976255585734,0.0005388547608647712,0.08216679228446234,C73E8A462
