t,M_Alcoholic Beverages,M_Bakery and Bread,M_Beverages (Non-Alcoholic),M_Dairy and Eggs,M_Fresh Produce,M_Frozen Foods,M_Household and Cleaning Supplies,M_Meat and Poultry,M_Pantry Staples and Packaged Goods,M_Personal Care and Health,M_Seafood,M_Snacks and Confectionery,traffic
1,0.9095542338952363,1.0365573703372948,0.8168240339506468,0.9974134520654998,0.9019662416037714,0.9748201957985336,1.0,0.9138366419442039,1.0790134744520958,1.061949229550779,1.0184578035443723,1.0440178770055746,0.0
2,0.9007109792024074,1.0400035784834247,0.8009429048211937,0.9974134520654998,0.8973187094338764,0.9686425161471653,1.0,0.9063699672271731,1.0862001223456246,1.0689221353938774,1.0186008504686488,1.0491796015193335,1.1945761467748026
3,0.8851511375186124,1.0461235092530614,0.7734412467943863,0.9974134520654998,0.8892997500706079,0.9575948706161009,1.0,0.893250701422278,1.099021286235638,1.081444278180933,1.0187351817114154,1.058407578274785,1.1407186259487432
4,0.906770446982245,1.0377994690931802,0.8116176704162255,0.9974134520654998,0.8998726963861053,0.9732578267814032,1.0,0.9113450656317668,1.0816009709728176,1.0642151213419329,1.0188607540065406,1.0457570980587496,1.091743104045838
5,0.8654802914191756,1.0541011571045118,0.7393293767570234,0.9974134520654998,0.8789444801851845,0.943603965893689,1.0,0.8765847546523469,1.1158472828313175,1.0978270711818958,1.018977526894509,1.0704527423916477,1.2085440902478863
6,0.8595026789042775,1.056588916622179,0.7291005065219046,0.9974134520654998,0.8757183863323468,0.9393647025754776,1.0,0.8714955594466218,1.1211204682712805,1.1029372132456736,1.0190854627383965,1.0742065758410622,1.0311761787319573
7,0.8752652986580864,1.0502531377985893,0.7560390160148044,0.9974134520654998,0.8835401218072377,0.9509173983095685,1.0,0.8847559246048313,1.1077153031838118,1.0896788477801866,1.0191845267387516,1.0645244491350467,1.418301087775517
8,0.9075783863746644,1.0376787360708115,0.8128444883199034,0.9974134520654998,0.8995424404831727,0.9742754717224233,1.0,0.9118570643766661,1.0813493282185636,1.0636794487434995,1.019274686947363,1.0454330582076081,0.9802712412599351
9,0.8874131300562135,1.0455169152389057,0.7770837083009485,0.9974134520654998,0.889351198553386,0.9598750266709503,1.0,0.8949102317111383,1.0977471222451223,1.0797519294400306,1.0193559142799131,1.0572724419603001,0.9222416672159941
10,0.8682392165640628,1.053190415353544,0.7438311712315256,0.9974134520654998,0.8795661178423199,0.946072896682272,1.0,0.8787400346291881,1.1139199351898033,1.095607841861157,1.019428182527505,1.068908181709692,1.0946658779987957
11,0.8635730234853456,1.055113040468646,0.7358270330073039,0.9974134520654998,0.8770904974792991,0.9427452131748657,1.0,0.8747786096016321,1.1179906240799578,1.0995661046516199,1.0194914683670568,1.0718143156894848,1.1352543276178377
12,0.8628263679886051,1.0554422791999674,0.7345291002965953,0.9974134520654998,0.8766178902177382,0.9422574710816609,1.0,0.8741275920172876,1.1186884511933564,1.1002133778623362,1.0195457513705595,1.0722969989390245,1.01043510899187
13,0.8776804766049446,1.049474876577429,0.7600150830084753,0.9974134520654998,0.8840529630888301,0.9530880654469999,1.0,0.8866327815721224,1.1060742274873003,1.0877752830920842,1.019591014013188,1.0632000848595657,0.9255987227130852
14,0.9174758183120572,1.0340927859868596,0.8304783232071979,0.9974134520654998,0.9038086981948537,0.981723007533741,1.0,0.919994893571771,1.0738885130834626,1.0560970342974327,1.019627241680264,1.0398987398531168,0.8001478983142839
15,1.024887916066655,0.9966379153401475,1.036296604887771,0.9974134520654998,0.9551998275185887,1.0569545925291188,1.0,1.0089006298763052,0.997504791150286,0.9809613542256562,1.0196544226730648,0.9839069717981342,0.846598477925015
16,0.9950218991924689,1.0065192393654123,0.9767680865260647,0.9974134520654998,0.9411458435735529,1.0363403766370989,1.0,0.9843325594801982,1.0173826839171178,1.0004977190919266,1.0196725482134743,0.998569916254796,0.9675638006491357
17,1.0481916063277483,0.9892083729689638,1.0839393058934252,0.9974134520654998,0.9659468413468886,1.0729481472181508,1.0,1.0279693528461114,0.9826882144536038,0.9663733285236258,1.0196816124474746,0.9729168960884564,0.9834963449825941
18,1.0268954459355313,0.9959998361391457,1.0403418407321725,0.9974134520654998,0.9560838930444993,1.0583657268846196,1.0,1.0105352303281812,0.9962279316193807,0.9796882552239887,1.0196816124474746,0.9829534934189323,1.038500150404109
19,0.9470127050848005,1.0232482846401862,0.8847850878883858,0.9974134520654998,0.9181603026268189,1.0027312037683882,1.0,0.9445924923598121,1.051482939667513,1.034032030848997,1.0196725482134743,1.0235684591373237,1.015663891214957
20,0.969906163814148,1.0151252323187838,0.9280914434511506,0.9974134520654998,0.9292250494369948,1.0188069398199209,1.0,0.9635912523660943,1.03485481779546,1.017691937420112,1.0196544226730648,1.0114102824986733,1.0245173384726038
21,1.0240565836836313,0.996895722634967,1.0346345007245925,0.9974134520654998,0.9548632533189552,1.0563516642489512,1.0,1.0082305586308447,0.9980209209683939,0.9814863665643808,1.019627241680264,0.9842975138631367,0.8807680781293967
22,0.9226046708294785,1.0321567159854907,0.8398092104784431,0.9974134520654998,0.9063958108580886,0.9853393768691996,1.0,0.924293276093327,1.0698711230502216,1.0521711245291292,1.019591014013188,1.0369919786881672,0.9467224366076901
23,0.8701127833785968,1.0524878890120213,0.7469874187719393,0.9974134520654998,0.8803115497098994,0.9475548305841389,1.0,0.8802748206279428,1.1124343593920532,1.0940625720156925,1.0195457513705595,1.067797796367103,0.8215498811316672
24,0.8531320300921968,1.0593999072683338,0.7181416238816671,0.9974134520654998,0.8717721603885544,0.9351310038320584,1.0,0.8659559590203604,1.1270937493320954,1.1085192101232209,1.0194914683670568,1.0783530308360914,0.8584567589415172
25,0.8801198865085791,1.0484299517633766,0.76432707851923,0.9974134520654998,0.8855635026156756,0.9546838112099615,1.0,0.8887489682437815,1.1038727664413859,1.0857258417985647,1.019428182527505,1.061669114568639,0.923108619338506
26,0.8627880401537191,1.0553705592359923,0.7345550288047531,0.9974134520654998,0.8769249522101081,0.9420346342778775,1.0,0.8741675787679525,1.1185364209572994,1.1002004325071753,1.0193559142799131,1.0722542574311063,0.7551906356607911
27,0.9013593440665362,1.040059799995078,0.8017428696847982,0.9974134520654998,0.8964551539940436,0.9698196572708835,1.0,0.9066471153480166,1.0863175632174271,1.0685664998812898,1.019274686947363,1.0490334071391896,0.7755741320460499
28,0.9567363846778468,1.019552970710024,0.9033361040328781,0.9974134520654998,0.923745989157756,1.0090464995466928,1.0,0.9528706777986337,1.043902094347935,1.026904682182245,1.0191845267387516,1.0181912262624568,0.8515097681422554
29,0.9200961266567041,1.032866190139451,0.8355247816243003,0.9974134520654998,0.9060610307973368,0.9830106334325364,1.0,0.922401821186538,1.071342424396275,1.0539665106797165,1.0190854627383965,1.0382329856470147,1.009768007354371
30,0.8698494854099259,1.0523333013751806,0.7468129143442576,0.9974134520654998,0.8811602697679244,0.9467770230895677,1.0,0.8802709167393847,1.1121075984452984,1.0941477802790844,1.018977526894509,1.0677609528083163,1.1455656403020387
31,0.835264521886051,1.0666072997951408,0.6886599855554922,0.9974134520654998,0.8636631971678891,0.9213946580415936,1.0,0.8510500035233528,1.1424817815756643,1.1241173227839583,1.0188607540065406,1.0896009725560918,1.211857214470166
32,0.8699065981432413,1.052199031263459,0.7470294358777493,0.9974134520654998,0.8816084960542925,0.9465682645247547,1.0,0.8804121489749671,1.1118238227916353,1.0940420595688696,1.0187351817114154,1.067641247838699,0.9829176646103908
33,0.8696905742187706,1.052224471940635,0.7467241061445565,0.9974134520654998,0.8817315406624712,0.9462728908527971,1.0,0.880281541846807,1.111877588081403,1.0941911543721847,1.0186008504686488,1.0677269016511972,0.9497587859389792
34,0.9376477696849224,1.0260998771479681,0.8680620259021441,0.9974134520654998,0.915789892255895,0.9947912000608857,1.0,0.937298320509413,1.057351659695291,1.040629989303718,1.0184578035443723,1.0282586526154192,1.1083883367947394
35,0.9640346034085983,1.0165839465878088,0.9176977936554239,0.9974134520654998,0.9288630680330622,1.0132003027402516,1.0,0.9592916763978451,1.037831085240432,1.0215195772985024,1.0183060869942646,1.0140382963312422,0.7002780524515602
36,0.9185701984311022,1.0330141651521014,0.8332680612239742,0.9974134520654998,0.9069813024576237,0.9809174881612095,1.0,0.9215046071109455,1.0716494211136893,1.0549171306312175,1.018145749645405,1.0387754975207466,0.8369446291122385
37,0.8919689593586635,1.0431060307056101,0.785791906512833,0.9974134520654998,0.894048618908021,0.961709731772088,1.0,0.8992781187318992,1.0926903122488454,1.0757484763880123,1.017976843077058,1.0540931331787982,0.6466050911212806
38,0.8839305069451633,1.0461774426448085,0.7717822407174557,0.9974134520654998,0.8903212222712139,0.9557379297445131,1.0,0.89258857114874,1.0991346102800605,1.0822186065395065,1.017799421600403,1.0588137201260406,0.6552137223082443
39,0.9166080423781336,1.0335105573394445,0.8300012439827403,0.9974134520654998,0.9069600125663385,0.9789512085511669,1.0,0.9200777457561948,1.0726795835811611,1.056299341403811,1.0176135422372183,1.0397055190982716,0.7733759021793903
40,0.9479685340166433,1.0218990073105485,0.8878805475372098,0.9974134520654998,0.9226970057689728,1.0009423958757775,1.0,0.9463168991718979,1.048711751633748,1.032828966854921,1.017419264697534,1.022298161316711,0.7591627037593827
41,0.9864488359678504,1.0083453976893164,0.961553582893625,0.9974134520654998,0.9416129537711356,1.0276220310042554,1.0,0.9783079300954562,1.021077769332063,1.0057470327622438,1.0172166513562706,1.0020939182305897,0.6200135170808915
42,0.9970820066077303,1.0046555682001972,0.9825307453254782,0.9974134520654998,0.9470669292939387,1.0347550771351568,1.0,0.987178881176516,1.0136186000940428,0.9985378700942683,1.017005767228869,0.9966674023795635,0.8869077207152855
43,0.9394150454741499,1.0247078563793925,0.8722918050038974,0.9974134520654998,0.9196681005009316,0.9942250253491387,1.0,0.9394556913724635,1.054484770938422,1.0389452439182647,1.0167866799459373,1.0267288107582193,0.9804327270658151
44,0.9554072004145399,1.0188570643181643,0.9023779977714443,0.9974134520654998,0.9278777195614485,1.005227071518795,1.0,0.9528589245889676,1.042477528415514,1.0272679947476246,1.0165594597269203,1.0180237159835288,0.9663791278331425
45,0.9949729812565827,1.0050654006809967,0.9788160259471101,0.9974134520654998,0.9473341459828963,1.0325259999625664,1.0,0.9857321763632828,1.014445746370205,0.999799464154459,1.0163241793528135,0.9975002136116737,0.7652827395128617
46,0.9364429453613131,1.0254742780329904,0.8671823906517625,0.9974134520654998,0.9194881514964232,0.9913617774119687,1.0,0.9372673784409866,1.0560627469293693,1.0409817282607443,1.0160809141379352,1.0281188582035574,0.8970387010137012
47,1.005338070091831,1.0013827736100716,0.9996400393751622,0.9974134520654998,0.9531829815896788,1.0391224835931039,1.0,0.9944971896926623,1.007025371123728,0.9928082463445722,1.0158297419007742,0.9921838008931959,0.8846243173731086
48,0.9830475505786734,1.008780700019547,0.9559656009890828,0.9974134520654998,0.9430375032133042,1.0234154248566272,1.0,0.976198441489821,1.0219595574053717,1.0077028845574898,1.0155707429339302,1.0032843074552005,0.8731991145378899
49,0.9606629260577432,1.0164372184154913,0.9130852591889512,0.9974134520654998,0.9327287955418306,1.007525860310073,1.0,0.9577508990058584,1.0375315171245687,1.0232367891293332,1.0153039999731654,1.0148170116992077,0.9236802440668812
50,0.9137112873637107,1.033433174814292,0.8261625614657895,0.9974134520654998,0.9101419784273106,0.974131844433851,1.0,0.9186915207482249,1.0725189591022544,1.0579328108492185,1.0150295981655835,1.040470158867891,0.982187292816169
51,0.9487651359681608,1.0204197644860433,0.8909337425719733,0.9974134520654998,0.9279516220718949,0.9985814384337866,1.0,0.948086819200896,1.0456778382309755,1.0316477950792033,1.014747625036958,1.0209736749622176,1.0180765839313877
52,0.9052813752826082,1.036371606618116,0.8112930268329499,0.9974134520654998,0.9069546416708207,0.967525459980365,1.0,0.9118510417657238,1.0786267643654024,1.0643570530180073,1.014458170458226,1.0451071296016978,0.9088872726730581
53,0.8527426419469895,1.0570954885731223,0.7199979602552532,0.9974134520654998,0.880758743395858,0.9294173551741824,1.0,0.8676456284448051,1.1221957480095408,1.1075657094757065,1.0141613266111673,1.076716198003433,0.8131071044985397
54,0.8535955857631166,1.0566024151035078,0.7215832880443701,0.9974134520654998,0.8817278831796701,0.9297271142942743,1.0,0.8684845426012866,1.121149114266216,1.1067540026929106,1.0138571879532912,1.0760705267702193,0.8691568816539041
55,0.8907571740601933,1.041557525251964,0.78594060296746,0.9974134520654998,0.9012700255450677,0.9561926569150644,1.0,0.9000031207260637,1.089448492277153,1.0756806298387647,1.0135458511819464,1.0532772183847332,0.8780991438760058
56,0.9073465740457011,1.0350261368257994,0.8156586653806766,0.9974134520654998,0.9101957457812291,0.9676902297753104,1.0,0.9140772433497615,1.0758279272105495,1.0624547405722293,1.0132274151976812,1.0434947393206189,0.9356364318939538
57,0.9566042751367625,1.0168017238770792,0.9068170757142553,0.9974134520654998,0.9351760614830598,1.0020454472332583,1.0,0.9553829728067796,1.0382757907668585,1.0255890144728816,1.0129019810668676,1.016164931977915,1.0107881357527235
58,0.9465780284686652,1.0202303379204825,0.8881021121076922,0.9974134520654998,0.9308730555712126,0.9946687463245911,1.0,0.9471692454264484,1.045289643522938,1.032743069322716,1.0125696519836154,1.0214206827024976,0.8360470318152694
59,0.9934045231210687,1.0037918710340143,0.9783614053141456,0.9974134520654998,0.9542589973927258,1.0268254964911654,1.0,0.9862045552433845,1.011876543958198,0.9999543009656213,1.0122305332309969,0.9969452298589039,0.992850786901415
60,0.9517079891779411,1.0180877122284953,0.8981593657981697,0.9974134520654998,0.9346560790363081,0.9975089945338871,1.0,0.9517311276484285,1.0409037464189,1.0288738338235845,1.0118847321416022,1.018434365060128,1.2206910546898304
61,0.9308087391880966,1.0254922644436495,0.8593453260805575,0.9974134520654998,0.9249808245778393,0.9824713810262099,1.0,0.9344271518450655,1.0560997930947105,1.0441366746826655,1.011532358057448,1.029684690735056,1.1643538987220927
62,0.8926462255392391,1.0397388303715136,0.790511674646047,0.9974134520654998,0.9064636059200727,0.9550541074740255,1.0,0.9025328848710137,1.0856471765000597,1.0736032743746753,1.0111735222892637,1.05134058938539,1.2665004662925243
63,0.8882724845003418,1.0412753717909762,0.7829725622739219,0.9974134520654998,0.9048936423144247,0.951549891415779,1.0,0.8989905366718713,1.0888583183891594,1.077038122353342,1.0108083380751731,1.0537988549123805,1.569068706778434
64,0.9307476454732041,1.0250209619848458,0.8598534201548086,0.9974134520654998,0.926957075039663,0.9812463292812313,1.0,0.9348261192543196,1.0551292776288859,1.0439309713325136,1.0104369205388002,1.02934663914074,1.412319861493808
65,0.9644843069431237,1.0127592259670672,0.9235471241706884,0.9974134520654998,0.9443126957018445,1.0043995913621382,1.0,0.9631390392709612,1.0300364572603034,1.019358393602386,1.0100593866468144,1.011057702151814,1.0435582632846039
66,0.975018079612706,1.0089285261423628,0.9440696265430553,0.9974134520654998,0.9501768743789786,1.0112726572170623,1.0,0.9720610579784222,1.0222590940401757,1.011917830174485,1.0096758551659462,1.005454011128131,1.124294073775773
67,0.9428578290321883,1.0200969039534926,0.8830449216608276,0.9974134520654998,0.935096188636595,0.9884874264018307,1.0,0.9454298025047319,1.0450162385522548,1.0347108211283413,1.0092864466194882,1.0223264482730663,1.3848452941065224
68,0.942269622633107,1.0201315574506409,0.8821737602195735,0.9974134520654998,0.9355368943875365,0.9876464345563353,1.0,0.9451027451408993,1.0450872398114535,1.0350513071933996,1.0088912832433112,1.0225120071723215,1.1279584856569491
69,0.9732501048111483,1.009012155651523,0.9413859569071242,0.9974134520654998,0.9515479539062961,1.0087323358593503,1.0,0.9710988578179885,1.0224285700084035,1.0128784976710694,1.008490488941415,1.0059728530987522,1.1480127931050923
70,0.9077486863535705,1.0325352703669337,0.8191562029838683,0.9974134520654998,0.9197107685872846,0.9625181799309052,1.0,0.9164853578592748,1.0706560400395857,1.0609404682622827,1.008084189241037,1.0414953653783758,1.0408477386233093
71,0.9855179663329843,1.0044455887715162,0.9657902559458258,0.9974134520654998,0.9590815000079834,1.0162747069083442,1.0,0.9816427630446065,1.0131949388534671,1.0042742260040471,1.0076725112473441,0.9994216487553821,1.1345950587350908
72,1.0326994312701108,0.9887277866132049,1.0607704709788932,0.9974134520654998,0.9825839491810852,1.047975220613733,1.0,1.0208403821473557,0.9817336090533998,0.9733584039007595,1.0072555835977293,0.9761895345100075,1.2697610915544992
73,1.0781498553118842,0.9744527424177274,1.156519991178908,0.9974134520654998,1.0048153993184061,1.078000363505082,1.0,1.0583428844899465,0.9535901237529504,0.945719205487294,1.0068335364157364,0.9552584358920264,1.1352281083902809
74,1.0937993954300664,0.9696002408148194,1.1906745489462718,0.9974134520654998,1.0129407337934047,1.0878939551262659,1.0,1.0713311602720017,0.9441165472922664,0.9365886703179779,1.0064065012646377,0.9482660311203996,0.952893476606211
75,1.0487389180006894,0.9831051300288774,1.0949058031474679,0.9974134520654998,0.9927084435489333,1.0573024565983253,1.0,1.034621125845029,0.9705995927946678,0.9631361213711893,1.0059746111006864,0.9682849971003219,1.051305278737383
76,1.0238717738341079,0.9908093772561822,1.0438998075867623,0.9974134520654998,0.9817205310149768,1.0400204636772499,1.0,1.014332379010413,0.9858716917618932,0.9785739509647189,1.005538000226066,0.9798312034185149,1.1092942232720067
77,1.076489814621025,0.9742055832976981,1.1542890884406243,0.9974134520654998,1.0075143532609891,1.074829757117471,1.0,1.0577960970301346,0.953106450003138,0.9463280794774875,1.0050968042415636,0.9554447021614462,1.4232041590877507
78,1.0434206068264869,0.9841965805892394,1.0847807269170167,0.9974134520654998,0.9927986737532667,1.0521847480496151,1.0,1.030849975410568,0.9727559227588228,0.9661234048470787,1.0046511599989851,0.9703236433533396,0.9519114117407261
79,1.0356481497478345,0.9864561310534344,1.0689990269912881,0.9974134520654998,0.9899806445221894,1.0464320912291756,1.0,1.0246509626323295,0.9772276192671822,0.9708545123364152,1.00420120555334,0.9738125139265122,0.9401347724396903
80,1.0871006232068212,0.9704458291169645,1.1782116005095873,0.9974134520654998,1.015192372611998,1.080267026238145,1.0,1.0671149063282055,0.9457639932975469,0.9398794598668594,1.0037470801148147,0.9503446067460476,1.1939363804964855
81,1.0741318171452083,0.9741381738421939,1.150617968913463,0.9974134520654998,1.010040570715599,1.0711148399438049,1.0,1.0567100552967814,0.9529745555342021,0.947333450898025,1.003288924000561,0.9559190220770101,1.1272162819556255
82,0.9777976713769846,1.0049269918315995,0.9537781194534561,0.9974134520654998,0.964571956852159,1.005560105062823,1.0,0.977321831084991,1.0141663643508183,1.008472682182186,1.0028268785863161,1.0017485236456298,1.0859425663961035
83,0.9896262102488063,1.0007004766859582,0.9772962845308593,0.9974134520654998,0.9712907705540836,1.0131303105535239,1.0,0.9873681181415889,1.0056535555599029,1.0003174407254765,1.0023610862578851,0.9955896198842253,1.2351191680996283
84,0.9911873896880413,0.999966620442566,0.9806883619545609,0.9974134520654998,0.9729676449761536,1.0136678410783202,1.0,0.9888718016040667,1.0041791192978295,0.9991627844526598,1.0018916903624997,0.9946499441956024,1.0686599193300224
85,0.943107227192017,1.0164654358175889,0.8881336200363461,0.9974134520654998,0.9499726215748546,0.980102295119829,1.0,0.9489329633453297,1.0375891239296922,1.0327308564533095,1.0014188351600806,1.0195282650473505,0.9812899555384689
86,1.021420596144363,0.9895846900833568,1.0420848660364777,0.9974134520654998,0.9895687353562957,1.033088658612087,1.0,1.0143712922064496,0.983436030068377,0.9791417308364891,1.0009426657744234,0.9795094951092732,0.9272864063198571
87,0.9038184473896026,1.030548212217332,0.8161969257130749,0.9974134520654998,0.9317519616540295,0.9516797881817741,1.0,0.9162624702320666,1.0665391661969286,1.062221135591811,1.000463328144328,1.0411205350602766,0.8825807314636743
88,0.8885769704898643,1.0361849481926089,0.7891549500454157,0.9974134520654998,0.9247537914926421,0.94044637498339,1.0,0.9035617945330953,1.0782382615517456,1.0742181726463076,0.9999809689746977,1.049842798327098,0.6151828224904724
89,0.9465417407779565,1.0143675703374468,0.8957611963467914,0.9974134520654998,0.9553666079026549,0.9803842021587009,1.0,0.9526253647553548,1.0333106190654306,1.0297911970383693,0.9994957356876206,1.0170250542237869,0.6308170328322232
90,0.983731988082443,1.0012028844647993,0.9678491573357605,0.9974134520654998,0.9749059540977043,1.0053532336894728,1.0,0.9839293526037587,1.0066635980498773,1.0035615910086564,0.999007776373464,0.9974530162097192,0.6849144205222006
91,0.8985233025932063,1.0316754779384378,0.8077091065743105,0.9974134520654998,0.9326433565327392,0.9459104973158631,1.0,0.912576280523424,1.0688737112119397,1.0659289649474177,0.9985172397419945,1.0435062916994111,0.8750670894158756
92,0.8780050535622225,1.0394219906942477,0.7714953206281323,0.9974134520654998,0.9228441463516307,0.9309439498124874,1.0,0.89537346366773,1.084985618652932,1.0823527494028755,0.9980242750735467,1.0554550663962132,0.724211475983468
93,0.8288129413939491,1.0593584296535241,0.6876952418485975,0.9974134520654998,0.8975098775748309,0.8953448931517337,1.0,0.8535578229872006,1.127005495132889,1.1246427388467115,0.9975290321702611,1.0861458355270006,0.6809202888944669
94,0.8699275986905458,1.0421681602681676,0.7578680293866646,0.9974134520654998,0.9204193041352566,0.9242031064595372,1.0,0.8888968472835074,1.090726290942304,1.0888015434786582,0.9970316613074098,1.0599921535608408,0.8056761209911234
95,0.948510573285076,1.012328389790917,0.9012738369864927,0.9974134520654998,0.9620560627320677,0.9785095397276959,1.0,0.9555365060098221,1.0291602715609516,1.027687329435177,0.9965323131848283,1.0149638994869512,0.8506958520378517
96,0.9917529062536752,0.9971730908231293,0.9856552086723894,0.9974134520654998,0.9847318221764864,1.0074647439151905,1.0,0.9919249232381653,0.9985763607366349,0.9974816530764304,0.9960311388784733,0.9924236827772728,0.8444086980774258
97,0.9712825245396834,1.003904454966592,0.945704409987751,0.9974134520654998,0.9755008214743417,0.9929961724119309,1.0,0.9750525399805167,1.0121035380841799,1.0113344129790942,0.9955282897921257,1.0026583377728249,0.8802238142883825
98,1.017638753445585,0.988200823515696,1.038480301094824,0.9974134520654998,0.9995208135522972,1.0237684535320715,1.0,1.0139095627895398,0.9806874171132459,0.9802732895561312,0.9950239176092553,0.9793897996127469,0.7670162077044118
99,1.008515420624755,0.9909478002371312,1.0202891584957814,0.9974134520654998,0.9960425401852561,1.0170657228047455,1.0,1.0065563792805357,0.9861471773078648,0.9860648989920096,0.9945181742450644,0.9836430435048502,0.8066875511351848
100,1.049992172656878,0.9775024476961329,1.1063127971838578,0.9974134520654998,1.0173550107859104,1.0441718591809293,1.0,1.0411727407874822,0.9595682887191056,0.959814437026911,0.9940112117987305,0.9638555490622014,0.8473556574337722
101,0.972117070508979,1.0027092204742019,0.9486171357918906,0.9974134520654998,0.9799024039833166,0.991319465299064,1.0,0.9766341094644572,1.0096949803253341,1.0102982520787986,0.9935031825058621,1.0015478229510326,1.0314695835086807
102,0.9571338865024568,1.0076848525062898,0.9199147175372587,0.9974134520654998,0.9733184421098527,0.9805485970841503,1.0,0.9642934744945206,1.019740435738041,1.0206983226253699,0.9929942386911851,1.0091842218144176,0.713605120208997
103,0.9594463559936744,1.0066448877064358,0.9246816349915539,0.9974134520654998,0.975494708585729,0.9815671957762253,1.0,0.9664550696698017,1.0176367087193692,1.0189413324310599,0.9924845327214784,1.0077948205543477,0.8730879553536582
104,1.075373445407267,0.9688669683675647,1.162032732579607,0.9974134520654998,1.033810524592915,1.058516409163832,1.0,1.0630730691310804,0.9426890871005249,0.9442213212350856,0.9919742169587685,0.951762002897925,0.9601212750336234
105,1.0769811963498865,0.9681629664127934,1.1659102109743658,0.9974134520654998,1.0356492908463066,1.058964996966786,1.0,1.0646410465766407,0.9413196238657939,0.943173423507583,0.9914634437138047,0.95088806568399,1.0518163607569675
106,1.1217652407275822,0.9548848221744186,1.2653250521303931,0.9974134520654998,1.0580531776989643,1.0874985893853921,1.0,1.101660076223398,0.915676694334512,0.9177954236552057,0.9909523651998269,0.931553550178158,0.9904354008921169
107,1.1119930211291134,0.957454235931924,1.2438032268693326,0.9974134520654998,1.0545222738803686,1.0805538449429448,1.0,1.0939075452991078,0.9206111485137022,0.9230587929824866,0.9904411334866402,0.9354769273034335,0.8108821528441262
108,1.4824482035172508,1.1167762438395255,1.3412472838598382,1.1023123405202295,1.1028425029296014,1.1259127694825382,1.0,1.3226048331618048,1.0254479418786697,0.9306508699954408,1.4047773971178585,1.2084742414267957,1.099927320974487
109,1.4032407332119679,1.1371443655183342,1.2021639004296196,1.1023123405202295,1.074084316061443,1.0848190892682426,1.0,1.2637378582806307,1.063193936977187,0.9652397059554785,1.4040521362385123,1.2418990983169274,1.1577127747267004
110,1.347036712386912,1.152480315768349,1.1081733136673606,1.1023123405202295,1.0534417318429568,1.0550498360385645,1.0,1.221694751324454,1.0920645677596217,0.9917917932370112,1.4033273034850995,1.2673248009718865,1.2887962500658212
111,0.9911014001719233,0.9939870114521109,0.9894222999515804,0.9974134520654998,0.9996722779287467,0.9984519432535692,1.0,0.9947774853145934,0.9922054289914367,0.9962141176651388,0.9883977084733488,0.9902072160779856,1.2161531620712311
112,1.0077276247183025,0.9882635640151345,1.0232486830664624,0.9974134520654998,1.0090629026075806,1.0090088230929535,1.0,1.008896023257234,0.9808119480185017,0.9851133214739446,0.9878879836178273,0.9818358240680195,1.245961077780843
113,0.977931051354476,0.9979718428967981,0.9639634027073037,0.9974134520654998,0.9950580060689989,0.9884537033854409,1.0,0.9842001840291206,1.0001767536825565,1.0049082417251995,0.9873790124401574,0.996510167715844,1.234124863343107
114,0.9281903951539429,1.0152570110777752,0.8686948228015234,0.9974134520654998,0.9704203006943362,0.9540999140165539,1.0,0.9425190779764063,1.0351235151558642,1.0403772471539658,0.9868709447488532,1.0226871702111495,0.9627541208745286
115,0.905838303267606,1.0233061927617833,0.827643372618101,0.9974134520654998,0.9596503798912316,0.9381845690822199,1.0,0.9237774359670772,1.0516019550145828,1.057301486617647,0.9863639298542524,1.0350506651808407,1.13699935106751
116,0.8760567381983073,1.0345371184133398,0.7743813044518105,0.9974134520654998,0.9447118178554367,0.9169840962504704,1.0,0.8986025604434716,1.0748115753267202,1.0810064957341532,0.9858581165259379,1.0523169765373268,1.0796385816921867
117,0.9324839885257924,1.0130033951812127,0.8776499809119105,0.9974134520654998,0.9756599847387083,0.9554051672747891,1.0,0.9467981544933004,1.0305331864012435,1.036826624544309,0.9853536529505867,1.019806808478795,1.001084068396069
118,0.9142191524880774,1.0194737309274093,0.843892325913435,0.9974134520654998,0.9670444508758059,0.9423534623581106,1.0,0.931529751262168,1.0437398362545265,1.050471427555262,0.9848506866902582,1.0297683227914172,0.9856663812572829
119,0.9300232490191713,1.0134366305911253,0.8736177218977905,0.9974134520654998,0.9763610273449274,0.9526436146674091,1.0,0.9451438589609713,1.0314148397896035,1.0384193645685758,0.984349364641129,1.0208080218850282,0.9642603145807375
120,0.943979002930328,1.0081901360861383,0.9003377489977763,0.9974134520654998,0.9846584185237554,0.96160756236876,1.0,0.9571639539768919,1.0207633493594577,1.028043370841931,0.9838498329926835,1.0130627031917396,1.0307046801557014
121,0.9271849689671895,1.0140128242338415,0.8688804516347245,0.9974134520654998,0.9768480964426184,0.9496344277189165,1.0,0.9431643040617552,1.0325880036562118,1.0403031526611266,0.9833522371873697,1.0220239362537893,0.8939707297321843
122,0.9671634835291834,0.9996201228823144,0.9457426507807967,0.9974134520654998,0.998692031431411,0.9761927321060724,1.0,0.9771529945324136,1.0034833254090838,1.0113207818039092,0.9828567218807275,1.0005098004712163,0.9517730427376577
123,0.9815347868975371,0.9944954985112966,0.974383533076493,0.9974134520654998,1.0070952261305062,0.9852895050348396,1.0,0.9894586246621321,0.9932208399831516,1.0013132079577485,0.982363430901996,0.992992045288204,0.9150982378178228
124,0.9505944870635665,1.0049469582234745,0.9142265953651664,0.9974134520654998,0.992086430944671,0.9639378760513361,1.0,0.9636118179094919,1.014206664679862,1.0228108030195018,0.9818725072152089,1.0088546716771813,0.8620274942818037
125,0.9682639384695966,0.9985755922891706,0.948844054117387,0.9974134520654998,1.0022611902226901,0.9753068201155327,1.0,0.9787314505227226,1.0013872863663011,1.0102177072429748,0.9813840928807838,0.9994414287201618,0.8742557549139464
126,0.9907911679672325,0.9907313962301706,0.993836459297804,0.9974134520654998,1.0148576681009542,0.9898314833988718,1.0,0.9978901809977886,0.9857165130515655,0.9947370220449882,0.9808983290176109,0.9878511052083191,0.9412211143191094
127,0.9916902758621045,0.9902151221463154,0.995967976141459,0.9974134520654998,1.0163186178669175,0.9898883806465115,1.0,0.9988633650091736,0.9846894591058221,0.9940268877326998,0.9804153557656485,0.9872411047823234,0.9840772287747753
128,0.9869893665400115,0.9915688677279885,0.9868701444636844,0.9974134520654998,1.014900542793076,0.986220841232015,1.0,0.9951326283528298,0.9873836821590317,0.997072151778392,0.9799353122490297,0.989427827971818,0.8125013980537521
129,1.034565918699207,0.9759187854574571,1.0846568382745845,0.9974134520654998,1.0400859107017513,1.0171141687229919,1.0,1.035173195414343,0.9564615935252049,0.9661601867293242,0.9794583365396856,0.966252862943999,0.7169475568440258
130,0.9177187961128003,1.0154763277069212,0.853759125028612,0.9974134520654998,0.9805397116898499,0.9385063339076907,1.0,0.9369849636289227,1.0355707798742864,1.0464090104006338,0.978984565621491,1.025758261305302,1.050074297319718
131,0.9917982156576326,0.9893253362050706,0.9974747505222603,0.9974134520654998,1.020327324970843,0.9878274052997698,1.0,0.999816137008635,0.9829206127872635,0.9935261134675545,0.9785141353549343,0.9865488509077108,0.9918428520665522
132,1.0392400117472524,0.9738292611703844,1.0955322909508507,0.9974134520654998,1.0454430562004287,1.018542363089266,1.0,1.0397351389760792,0.9523702485742659,0.9629524943213519,0.9780471804423176,0.9636142801899271,1.216129665865205
133,1.0313694878387254,0.9760945379706618,1.0793423526396615,0.9974134520654998,1.0424642744090935,1.0128599139245997,1.0,1.0333867028713135,0.9568061215082765,0.9677433236107855,0.9775838343934921,0.9671312565109018,1.1716737531639965
134,1.0236936664022596,0.9783236112605005,1.0636698418833546,0.9974134520654998,1.0395550842379326,1.0073018245587104,1.0,1.0271883497843608,0.96118116137661,0.9724731996713978,0.977124229492126,0.9705981841397302,1.1027468027586642
135,1.0697504903397403,0.9638771021669446,1.1618949669532206,0.9974134520654998,1.0636749998959707,1.036755046498031,1.0,1.0657790910293072,0.9330040022438003,0.9442586384638573,0.9766684967625163,0.9493267120105107,0.9485424726268581
136,1.0652319028172506,0.9650396187337029,1.1524554772572448,0.9974134520654998,1.0624087080630509,1.0333022226727149,1.0,1.0622446467521918,0.9352559214686366,0.9468296977860765,0.9762167659369396,0.9511913527617615,0.9154697239344186
137,1.0882621694490122,0.9579882149809648,1.2031940424063294,0.9974134520654998,1.0748173033791146,1.0476084026040409,1.0,1.0815689518483347,0.9216382976514269,0.9333288687000799,0.9757691654235485,0.9409289242953371,1.221593320146384
138,1.110018610738691,0.9514957911383134,1.2521625399823282,0.9974134520654998,1.086495041631618,1.060988869186835,1.0,1.0997801342031066,0.9091884777458118,0.9210001219722133,0.9753258222748133,0.9315210339973062,0.9942595221686822
139,1.0799386512287639,0.9600570452879612,1.1855740722567623,0.9974134520654998,1.072637980468091,1.0412127637917814,1.0,1.0751031033057876,0.9256232570497492,0.9379298530824134,0.974886862156513,0.9442632448595986,1.078916648248555
140,1.0612610813737642,0.9654651843060443,1.1452599015473655,0.9974134520654998,1.0642702326251892,1.0286630940580848,1.0,1.0597956039723182,0.9360809663105223,0.9488085108875209,0.9744524093172728,0.9523947235831491,1.013039298925999
141,1.0089547209854164,0.981676315008806,1.0354536657513247,0.9974134520654998,1.038627569461514,0.99409194714223,1.0,1.0162841152553124,0.9677803632684946,0.9812274747553384,0.9740225865586544,0.9766262488855412,1.144929708447309
142,1.0245530827901232,0.976479499177641,1.0680279688971972,0.9974134520654998,1.04753943760794,1.003824473517619,1.0,1.0295601259081797,0.9575609784578595,0.9711486589892596,0.9735975152057942,0.9690223825466682,1.690120070667527
143,0.9329352953561386,1.0072581397231715,0.8858123510217002,0.9974134520654998,1.0004695423190282,0.9426001581852652,1.0,0.9524289512009737,1.0188769829487736,1.0336321591522788,0.9731773150785948,1.0153430150854788,1.2789864210707929
144,0.9745655074548796,0.992518425130151,0.9669061267077163,0.9974134520654998,1.0234209303853898,0.9699766002853039,1.0,0.9879035645346075,0.9892756867216581,1.00388774532169,0.9727621044634663,0.9932789948954045,1.0411193760868136
145,0.9866099192738134,0.988277797898661,0.9912319271869576,0.9974134520654998,1.0305944009334433,0.9774939358043461,1.0,0.9982545810633612,0.9808402013389228,0.9956075074009044,0.9723520000856188,0.987058714172322,1.2313612830229377
146,1.024844945228478,0.9756508357670322,1.0698459275274061,0.9974134520654998,1.0512496724666236,1.0021242136268655,1.0,1.0305813353565583,0.9559364506364557,0.9705982653885457,0.9719471170819066,0.9683366110801992,1.3609455070503267
147,1.0813994012734218,0.9581622820204676,1.1915059212166517,0.9974134520654998,1.0807543375330213,1.038185891760836,1.0,1.0779574130628822,0.9219732525543862,0.936370784977163,0.9715475689742202,0.9425466391682153,1.5106002108109244
148,1.052544658814837,0.9666649136454589,1.1290742121170274,0.9974134520654998,1.067103634484764,1.0191754294106985,1.0,1.0541245362170004,0.9384088422180793,0.9533208554044097,0.9711534676434302,0.9552497022577963,1.4779710538622004
149,1.090501029691326,0.9551469641775443,1.2122981559934956,0.9974134520654998,1.087043572624382,1.043068613786427,1.0,1.0859015481980572,0.91617951994384,0.9309866253713538,0.970764923303877,0.938352913943782,1.5173432818911299
150,1.109735375184328,0.9494299752215144,1.2557707439781847,0.9974134520654998,1.0974538715566662,1.0548355344627005,1.0,1.1020324635028629,0.9052448405260549,0.9201171730652988,0.9703820444784081,0.9300631208725462,1.084913501080771
151,1.0600419406790127,0.9638735017788993,1.1461201164449615,0.9974134520654998,1.0734348666400866,1.0226639193780749,1.0,1.0609357774389951,0.9329970321224547,0.9485710769331384,0.970004937973962,0.9514902577050806,1.2864191442668385
152,0.9930604370367612,0.984907125415263,1.0061117598655458,0.9974134520654998,1.0397633220087668,0.9787008763908028,1.0,1.0049400919034335,0.9741610001673263,0.9906749500835391,0.9696337088576926,0.9829300596891736,1.3935807958148798
153,1.0867921187180603,0.9555768596841958,1.205304861040534,0.9974134520654998,1.088546890038512,1.0389198391621044,1.0,1.0835656469651365,0.9170044193758186,0.9327837122542663,0.9692684604336391,0.9394694786742055,1.284067137781399
154,1.0250525886761803,0.9742285772419736,1.072515425574218,0.9974134520654998,1.0579591360037541,0.9987795467759201,1.0,1.0321904122131733,0.9531514424269366,0.9697923211662456,0.9689092942199323,0.9672287321670626,1.0170355817443373
155,1.0613630780612446,0.9628336419026199,1.150124097749647,0.9974134520654998,1.0773189567535526,1.0218152093282684,1.0,1.0627432211936012,0.9309850194641591,0.9474690286509758,0.9685563099265405,0.9504242867913961,1.0485912514895477
156,1.0742991368933128,0.9588008275492794,1.1786120148050783,0.9974134520654998,1.0846407160787261,1.0296914322801003,1.0,1.0736972114572951,0.9232025183673578,0.9397730115492091,0.96820960543355,0.9445720066689816,1.0167658687830465
157,1.164815495912329,0.933146655086248,1.3859146257248294,0.9974134520654998,1.1302050019775776,1.0863223801937534,1.0,1.1487519936748056,0.8744600782245379,0.8903643530849799,0.9678692767699781,0.9070228332899136,1.2700776890252905
158,1.0746920231094101,0.9583872254887847,1.1800220907570655,0.9974134520654998,1.0863514099199094,1.0291456368533005,1.0,1.0743569765682786,0.9224061984326505,0.9393985328231903,0.9675354180931167,0.9441800789752832,1.301593045304206
159,1.0691874095438592,0.9598847838475026,1.1682282851020946,0.9974134520654998,1.0842991375618358,1.0252429239490493,1.0,1.0699301422562328,0.9252911207636574,0.9425491751959977,0.9672081216684028,0.9465007200432864,1.1570562904849795
160,1.1002485467191019,0.9506254826041827,1.2373644991524608,0.9974134520654998,1.1006661085597425,1.0446194155492594,1.0,1.0959318835946468,0.907526016136314,0.9246570946090342,0.9668874778498133,0.9329416139202704,1.227580623042932
161,1.093569849327177,0.952419333075935,1.2226527022729785,0.9974134520654998,1.098033251102385,1.040012493634212,1.0,1.0905426960154492,0.9109542894262093,0.9283510210699906,0.9665735750607828,0.9356848488054774,1.260383105904611
162,1.0203283499189757,0.9745461186201393,1.0645889657272145,0.9974134520654998,1.0613000744142722,0.99269121685711,1.0,1.029473549611564,0.953772886624373,0.9721932541750343,0.9662664997756385,0.9685830972487729,1.2690272021835036
163,1.05386211235801,0.9639647377174705,1.1359509782656818,0.9974134520654998,1.0792696783792173,1.013973988569793,1.0,1.057738616670819,0.9331736671029301,0.9513932375238202,0.9659663365015514,0.9529497270827163,1.1265381087908835
164,1.1233280444942835,0.9435428344852079,1.2909014688288556,0.9974134520654998,1.114949086062763,1.057699289472456,1.0,1.1156790854577148,0.8940533231318186,0.911693569940056,0.9656731677609995,0.9229212433961815,0.976648902188588
165,1.0874888449266111,0.9536705199677223,1.2100834005977972,0.9974134520654998,1.0976692797631544,1.034740312829406,1.0,1.0860796079655548,0.9133492906260235,0.9315542586966622,0.9653870740747407,0.9379131888663846,1.0047244912566964
166,1.179019027839048,0.9282050152610745,1.4226267783521966,0.9974134520654998,1.1435904473365763,1.091664672340531,1.0,1.1618875774211919,0.8652228919449321,0.8826386285441076,0.9651081339452913,0.9006847441534676,0.9862423909676803
167,1.0230309362549523,0.9730464605594503,1.0712933487211873,0.9974134520654998,1.065857306144041,0.9928081916489376,1.0,1.0324247760949805,0.9508397618550448,0.9701609442509037,0.9648364238409064,0.9668254377846562,1.041950940627198
168,1.0615266409733897,0.9610219284108967,1.1536445667086774,0.9974134520654998,1.0863210486199741,1.0172503526150933,1.0,1.0648287381466421,0.9274847444837133,0.946504279172476,0.9645720181800608,0.9490461370499834,1.0127776359056753
169,1.4397883085429108,1.114635563889866,1.2874709374169093,1.1023123405202295,1.1453655115669008,1.0725072535805362,1.0,1.3059391274151755,1.0215204730041672,0.9434319823104805,1.3684281079609926,1.2155775361366852,0.9370018553066661
170,1.381372409766321,1.130001154773937,1.1853228300009364,1.1023123405202295,1.1224706772121273,1.0429978652248086,1.0,1.2617781712675697,1.0498785392320509,0.9697896014428287,1.3680739345391166,1.2409066893529386,1.1124931227422505
171,1.264372564015577,1.1637034469770375,0.993202783058573,1.1023123405202295,1.07442292985708,0.9829658543562481,1.0,1.172200006155279,1.1134377080638045,1.0286724220940757,1.3677304257681864,1.296942223147968,1.18217779689969
172,1.0696754608033767,0.9581409729486144,1.1722211553960609,0.9974134520654998,1.0927090572921456,1.0212917846005056,1.0,1.0721220204510922,0.9219322445201714,0.9414777738951343,0.9635888557716831,0.9451029706175166,1.0076023376436252
173,1.0405097496659823,0.9669097231838619,1.1093432974723254,0.9974134520654998,1.078216822231005,1.0023798043756793,1.0,1.04781536229877,0.9388842096844937,0.9589396339978457,0.9633620158391615,0.9581819475743198,1.1725305697959603
174,1.0596561109769467,0.9609536024764279,1.1507193492406613,0.9974134520654998,1.088586884349064,1.0143824504610253,1.0,1.063965795108758,0.9273528661004204,0.9473056295194885,0.9631428830085949,0.9494140511230924,1.0601260367744465
175,1.0085067447271416,0.9768370022502862,1.0424630763977112,0.9974134520654998,1.0624552923580628,0.981232048368449,1.0,1.0210920933841392,0.9582622602737331,0.979023304150718,0.9629315169566752,0.9731212405295115,0.8917819893452953
176,0.9940662210661062,0.9814521439952195,1.0129660888170369,0.9974134520654998,1.0552674397478357,0.9716146473996514,1.0,1.0089883275555047,0.9673384181364866,0.9884353931071662,0.9627279752037279,0.9800948206866591,1.1359449543370255
177,0.9916882249645421,0.9821472733025506,1.0082620847203052,0.9974134520654998,1.0544330398422976,0.9698454472575175,1.0,1.0070674868383378,0.968709169459809,0.9899701765888193,0.9625323131025337,0.981202733767537,0.8915972866214036
178,1.0116965231995907,0.9755449055741493,1.0494943680475304,0.9974134520654998,1.0654325961712268,0.9826340473300278,1.0,1.0240601711414221,0.9557288824539568,0.9768320175066356,0.96234458382762,0.9713885093298958,0.9332273031246752
179,1.0632142771741517,0.9594470882769202,1.159245129758049,0.9974134520654998,1.0926309539762213,1.0155049183019607,1.0,1.067424047742746,0.9244474705770276,0.9449775625098548,0.962164838365012,0.947503121006475,0.8714007920440052
180,1.0335804267569382,0.9684534560182662,1.0956552110945292,0.9974134520654998,1.0776810958616863,0.9963491536466084,1.0,1.0426558802311123,0.9418845795559677,0.9629164821755334,0.9619931255024464,0.960932922805794,0.8341571132253788
181,1.1250832882160156,0.9413817738457158,1.2983863955247084,0.9974134520654998,1.1247557493581917,1.0541192229865097,1.0,1.119113573493585,0.8899625902866165,0.9099382849126927,0.9618294918200418,0.9209758623463897,0.9211456883792344
182,1.1005427088642956,0.948259421450371,1.2424966485372533,0.9974134520654998,1.112781204530023,1.0385478850075835,1.0,1.0988132712654797,0.9030140608478107,0.9233822347978565,0.9616739816814235,0.9311373054784261,0.8307092206387611
183,1.103736278498998,0.9472794545327576,1.2498457660183173,0.9974134520654998,1.1147361427681104,1.0403788859029353,1.0,1.1015447696889444,0.9011486079370241,0.9215688406922702,0.9615266372252991,0.9297417564360247,0.9016353797057117
184,1.0233812102573747,0.9713881720912291,1.0745894334012722,0.9974134520654998,1.0737021984208808,0.989091442422558,1.0,1.0343642938907875,0.9476016368633762,0.969168004506106,0.9613874983574845,0.9655067755139353,0.706539486599127
185,1.0146731453064106,0.9741001717976,1.0564755330742628,0.9974134520654998,1.0694155012910378,0.9833238157823583,1.0,1.0270866284482867,0.952900204120535,0.9746756332025128,0.9612566027433753,0.9695969721275793,0.8771083630125778
186,1.0595611281065653,0.9600909590329438,1.1521156594871795,0.9974134520654998,1.0930932279618724,1.0119713891018958,1.0,1.0648740417782796,0.9256886529669793,0.9469227781192318,0.961133985800863,0.948796028217116,1.0088030962388006
187,1.0230565848120652,0.9713256946887404,1.0741818018445506,0.9974134520654998,1.0743538087921303,0.9884619003455322,1.0,1.0342667477958012,0.9474797457663975,0.969290582608259,0.9610196806936911,0.9655367790774622,0.9350185576683411
188,1.0950225946714958,0.9495163599819298,1.2307123732420082,0.9974134520654998,1.1117440575941653,1.0341630318191208,1.0,1.094603166843433,0.9054095770905777,0.9263200573409682,0.9609137183252536,0.9332352748019538,0.8716970825000071
189,1.1140533558698367,0.9440359741629751,1.2739482736496186,0.9974134520654998,1.1215909362581078,1.0459925845053322,1.0,1.1104833808390968,0.894988115633584,0.915719913471973,0.9608161273328271,0.9251986439544128,0.9261664150678965
190,1.1570364467240488,0.9321595982138402,1.3742342544512027,0.9974134520654998,1.1432353653631864,1.072616582966614,1.0,1.1461220184814298,0.8726110969924693,0.8928798048790866,0.9607269340822412,0.9078226710593286,0.9531279123227057
191,1.112315150810319,0.9444532009157351,1.2701258030980351,0.9974134520654998,1.1211122176758466,1.0446989174376862,1.0,1.1091265348746446,0.8957793895095582,0.9166376196372273,0.9606461626629811,0.9258666611106797,0.7989329872745052
192,1.071634384551229,0.9562240166436701,1.1789791183448501,0.9974134520654998,1.1005857318076353,1.0189839337935491,1.0,1.0752545393701174,0.9182469081178044,0.9396754611042675,0.9605738348837217,0.9432529078396658,1.1827235070181645
193,1.100589240058887,0.9477357712277543,1.243605427116384,0.9974134520654998,1.115503508045551,1.0371804797688384,1.0,1.0994436376106285,0.9020170067920306,0.9231077289547404,0.9605099702682923,0.9307417947613387,1.178206883152064
194,1.125522526660527,0.9406610607107211,1.3006401661824845,0.9974134520654998,1.1281984280007005,1.0527190014710934,1.0,1.1201896128489108,0.8886004177475052,0.9094123957004041,0.9604545860520701,0.9203571788787115,1.1648190508497027
195,1.1578314901781706,0.9318085432626094,1.3764284094276622,0.9974134520654998,1.1443884820931112,1.0727116913750936,1.0,1.1469476677082873,0.8719539632499004,0.8924051080522619,0.9604076971788003,0.9074104029675977,1.27590941603189
196,1.1568784936473766,0.9320477819957463,1.3742001118980793,0.9974134520654998,1.1440088537439548,1.0720753810709702,1.0,1.1461812732273293,0.872401763267124,0.8928871994701747,0.9603693162978437,0.9077719799112235,1.2252996384317845
197,1.1670933202092426,0.9293077593538679,1.398603639879314,0.9974134520654998,1.1491198123512882,1.078339569570389,1.0,1.1546246908165623,0.867279950855552,0.8876635197015836,0.9603394537618485,0.9037813056752462,1.5265849318542153
198,1.111314823804802,0.9445930958124105,1.268131045704699,0.9974134520654998,1.121373716094555,1.0436763368113324,1.0,1.1084635044497522,0.8960447795701968,0.9171179884420214,0.9603181176248468,0.9261778183312878,1.3680703246035808
199,1.0987342578435024,0.9481790177421787,1.239592990665055,0.9974134520654998,1.1150381654381631,1.035769476558616,1.0,1.0980031961145358,0.9028609327074484,0.9241026581787289,0.9603053136407753,0.9314609794139135,1.4018649639185112
200,1.0483732680928928,0.9631229352943885,1.1285659535392445,0.9974134520654998,1.0891939736062075,1.003867695546008,1.0,1.0559025926285575,0.9315445517933518,0.9534639457811794,0.9603010452624187,0.9535695761795762,1.3074237653608332
201,0.9946698976766807,0.9801553262067978,1.0159018003058233,0.9974134520654998,1.0609206120506829,0.9692905557042292,1.0,1.0106300215743043,0.9647837690899492,0.9874823611097641,0.9603053136407753,0.9789747977988267,1.2463194284931391
202,1.0005651226977041,0.9782323391268282,1.027970473783706,0.9974134520654998,1.0640315336374013,0.9731310698297045,1.0,1.0156130583144019,0.961001824065072,0.9836026947207122,0.9603181176248468,0.9760908667397004,1.5364857362141293
203,1.0022663259016742,0.9776882101270302,1.0314537656654068,0.9974134520654998,1.0648883857768532,0.9742578469804227,1.0,1.0170418020601477,0.9599330318982764,0.982494214160101,0.9603394537618485,0.975269350530572,1.166996358375746
204,1.0586730405297793,0.9600196931067203,1.150795597697468,0.9974134520654998,1.0943756935173468,1.010511810675657,1.0,1.0645066944175798,0.9255512334647858,0.9472847071281032,0.9603693162978437,0.948942112247907,1.0722461186509331
205,1.0296250089465113,0.9689814120571517,1.088481567710811,0.9974134520654998,1.0791711855763364,0.9919858967044832,1.0,1.0400918834609572,0.9429118033092998,0.9650272206800304,0.9604076971788003,0.9622477208127171,1.3053832446853664
206,0.90220981280098,1.0126251625495617,0.8357259185866625,0.9974134520654998,1.0100948751150192,0.908408867917897,1.0,0.9316497467921034,1.0297637743475845,1.0538819500094214,0.9604545860520701,1.0279683106914943,1.305359311685923
207,0.8659051240770456,1.0266102369342571,0.7697907757005206,0.9974134520654998,0.989449113901035,0.8839296446579388,1.0,0.9002791168816291,1.0584037287563184,1.0831510437305274,0.9605099702682923,1.0493169608768087,1.3260082284660273
208,0.9494995155308827,0.9955817908667892,0.9255552063634843,0.9974134520654998,1.035971795887724,0.940010579783205,1.0,0.9721158874564747,0.9953918251041811,1.0186206607016333,0.9605738348837217,1.002083933148802,1.3979078948820598
209,1.010897971346844,0.9750359278710243,1.0490729365113518,0.9974134520654998,1.068781238570283,0.9801911856935029,1.0,1.0241902937906557,0.9547318647040449,0.9769628036801234,0.9606461626629811,0.9712000812237938,1.3089171519161549
210,1.0981796508857027,0.948523637769718,1.237979561626036,0.9974134520654998,1.113778491721297,1.0359260209246324,1.0,1.097327213539495,0.9035173498966556,0.9245039375055728,0.9607269340822412,0.9318324880107308,1.3803344096244115
211,1.1043449720835161,0.946794271991899,1.2518414535159046,0.9974134520654998,1.116693207733912,1.0399068772086022,1.0,1.1024131100308674,0.9002257343330757,0.9210788580864524,0.9608161273328271,0.9292564923926946,1.210080222072842
212,1.0171912709074167,0.9731413737034651,1.0619783304393675,0.9974134520654998,1.0715059545142502,0.9845596618037084,1.0,1.0293735079986663,0.9510252650069854,0.9729892418907441,0.9609137183252536,0.9682809196974291,0.9893200311069223
213,1.0393335697755848,0.9662283532853122,1.1086345024062292,0.9974134520654998,1.0828666480482279,0.9989186793036448,1.0,1.0479614619152124,0.9375614346225167,0.9591439534796692,0.9610196806936911,0.9579463159202938,0.943428935862842
214,1.0875709349709486,0.9517769615556614,1.2138338119591658,0.9974134520654998,1.1074471033614168,1.0297282270938648,1.0,1.0882814338426978,0.9097258940474451,0.9305938537297135,0.961133985800863,0.9364984657174951,1.1668124354680316
215,1.053024626447162,0.9621279535198278,1.137847780668861,0.9974134520654998,1.0894383415988576,1.0079480108490897,1.0,1.0593367604687116,0.929620828346356,0.9508642831522749,0.9612566027433753,0.951776702182459,1.2029815175036063
216,1.1260482840967279,0.9409205483075049,1.3010132341379208,0.9974134520654998,1.1262728872333476,1.054183369339576,1.0,1.1201422167922268,0.889090738013018,0.9093254621606075,0.9613874983574845,0.9204401164322672,1.0070887393979275
217,1.1979705364557918,0.9217599724521535,1.47237373643556,0.9974134520654998,1.1613483093783692,1.0987833655424397,1.0,1.1793774930085694,0.8532491609896787,0.8725839813646609,0.9615266372252991,0.8924254084415908,1.0027448420539116
218,1.1473231781614566,0.9351922035192066,1.350370552223205,0.9974134520654998,1.136185427379559,1.0677734136018342,1.0,1.1376000908340753,0.8782980837311907,0.898108769882227,0.9616739816814235,0.9119568579249007,0.873855086657505
219,1.0906214319441896,0.9511945084811583,1.2200641449390928,0.9974134520654998,1.1073958682648066,1.0324823491733208,1.0,1.0904739406354187,0.9086127960551781,0.9290071046985313,0.9618294918200418,0.9354133656082203,0.6862630398195946
220,1.1298210529634434,0.9401351512615062,1.3091960371989577,0.9974134520654998,1.1267380432455243,1.0572762600031083,1.0,1.1229544809212222,0.8876070892489548,0.9074269974104417,0.9619931255024464,0.919094949803928,0.6458693897898476
221,1.0549734998590334,0.961938806981152,1.1413445821638801,0.9974134520654998,1.0883883267600956,1.0102507890718349,1.0,1.0605250757031381,0.9292553524707277,0.949892217649652,0.962164838365012,0.9511965661029623,0.7182608609392683
222,1.0693771457003896,0.9576799277999165,1.1725770611865343,0.9974134520654998,1.095383765386152,1.0196369576658413,1.0,1.0724885790724283,0.9210452140395163,0.9413825104196284,0.96234458382762,0.9448277526930499,0.8333888765591898
223,1.085462040446905,0.9530085288426056,1.2079595834975891,0.9974134520654998,1.1031606134259166,1.0300592045945567,1.0,1.0858207702700613,0.9120817264935798,0.9320998874654983,0.9625323131025337,0.9378621468863352,0.9454463663494456
224,1.0666680604473795,0.9586596976391331,1.1663337848368827,0.9974134520654998,1.093124241572141,1.0183647772316782,1.0,1.0700345178306434,0.9229307582777838,0.9430592332168505,0.9627279752037279,0.9461524251338895,1.045273132042406
225,1.0210664817703285,0.972815237641809,1.068590003850696,0.9974134520654998,1.0690506222913128,0.9893619407436754,1.0,1.0316782088271237,0.950387923570008,0.9709783675427855,0.9629315169566752,0.9671177309552037,0.965968209649153
226,1.0446904531105423,0.9655205601834386,1.118445363751937,0.9974134520654998,1.080872423989325,1.004808992092995,1.0,1.0514288725330485,0.9361883503824563,0.9563312165488352,0.9631428830085949,0.9561902597669726,1.0113225091527205
227,1.0885771028904758,0.9524632923585377,1.2142050816646743,0.9974134520654998,1.102840290462239,1.0330174762763416,1.0,1.0880001680906137,0.9110383822617918,0.9304989942664924,0.9633620158391615,0.9367883124760326,0.7357130146382742
228,1.1569345616435749,0.9334201205572213,1.3712703305824834,0.9974134520654998,1.1364044456634914,1.0761042499459905,1.0,1.1445238612873074,0.874972687203877,0.893522645144587,0.9635888557716831,0.9087632312671184,1.0075325534576793
229,1.1436713220474217,0.9371159095076811,1.3397923827292897,0.9974134520654998,1.1293220305960148,1.0681527984867105,1.0,1.133456654544749,0.8819151477563418,0.900466212986292,0.9638233409847459,0.9140916729511188,0.938364677841816
230,1.1065844358699677,0.9475759004015144,1.2540979276240187,0.9974134520654998,1.110302564062336,1.045225777480757,1.0,1.102620046273235,0.9017127151409806,0.9205260999823978,0.9640654075243345,0.9293609985165441,1.015972376361149
231,1.1389637748714883,0.9386179433647707,1.3283337669831727,0.9974134520654998,1.125846506066265,1.0658234130766744,1.0,1.1293114083412734,0.8847445267104748,0.903048036152358,0.9643149893164252,0.9161345007891321,1.055141093794566
232,1.126739536127613,0.942111746959801,1.299742427856774,0.9974134520654998,1.1191917812498349,1.0584969380184361,1.0,1.1190692436477159,0.8913433279622244,0.9096217260130858,0.9645720181800608,0.9211725926342669,1.0840130746131487
233,1.065952109673375,0.9598070488078978,1.1630710924248022,0.9974134520654998,1.0879865581914003,1.0203863404810976,1.0,1.068396664887583,0.9251412597998228,0.9439402454329583,0.9648364238409064,0.9471605589886343,1.0277511296557909
234,0.9741886872366404,0.9891674603064474,0.9712600263738882,0.9974134520654998,1.0395171360386908,0.961252394890251,1.0,0.9910585934543421,0.9826069301439097,1.0023854445998126,0.9651081339452913,0.9908585763201472,1.1233382873686972
235,0.9757154845753603,0.9887782294039761,0.9741191395278431,0.9974134520654998,1.039730306378998,0.9625655040134362,1.0,0.9922253419132139,0.9818337835340665,1.001403791266443,0.9653870740747407,0.990178403175306,1.0495086499928965
236,0.9885798139897923,0.9846001748206287,0.9997775228710806,0.9974134520654998,1.0459420042465564,0.9713273940356238,1.0,1.002983001241386,0.9735538917502525,0.9927627358843316,0.9656731677609995,0.9838119060661766,0.7857087634631591
237,1.0452336149492436,0.9666100105357404,1.1174259267318365,0.9974134520654998,1.0748423365927886,1.0084317996233314,1.0,1.0505168133387222,0.9383022487133856,0.9566219511430378,0.9659663365015514,0.9568749857029278,1.0213705399156685
238,1.0591508796858868,0.9624904675194457,1.147143412522763,0.9974134520654998,1.0813023166294566,1.0177148174591435,1.0,1.062013630217982,0.9303214920190321,0.9482889390534323,0.9662664997756385,0.9506659676738599,1.039378175111071
239,1.0437050483562988,0.9673518140868315,1.1136933453671218,0.9974134520654998,1.0727070131003396,1.0081521036811554,1.0,1.0489433973873332,0.9397429600886552,0.9576894764842172,0.9665735750607828,0.9577760413551234,0.9738140034724938
240,0.975098814246596,0.9896694789018267,0.9718814682472223,0.9974134520654998,1.0361783321026092,0.9638215741319347,1.0,0.991018471150003,0.9836045612756666,1.0021717501228544,0.9668874778498133,0.9910043318734285,0.9024724425146479
241,0.9873627796244362,0.9857001032091934,0.9962619611439318,0.9974134520654998,1.041982848155637,0.9722442671868579,1.0,1.0012469031092703,0.9757302831938449,0.9939291029606925,0.9672081216684028,0.9849393550586535,0.8741995453110158
242,1.0094673276265287,0.9785993786942394,1.041133980662637,0.9974134520654998,1.052869277496857,0.9870723768211306,1.0,1.0197384848885234,0.9617231084721406,0.9794397290651465,0.9675354180931167,0.9742058030714569,0.8707423148916671
243,1.007733392143221,0.9793104760170559,1.037321783077529,0.9974134520654998,1.0512390377084981,0.9863197591468841,1.0,1.0181225027716776,0.9631212847068478,0.98063808852369,0.9678692767699781,0.9751557032420579,0.8316944798727965
244,1.1045447761364338,0.9499681260430093,1.2459111212111211,0.9974134520654998,1.0998031339560108,1.048928370406553,1.0,1.0988293251763224,0.9062713434415286,0.9225379402267742,0.96820960543355,0.9315496801833457,0.927652372086635
245,1.1147115988919394,0.9472219240476293,1.2686499070229602,0.9974134520654998,1.1040622838717555,1.055775044612611,1.0,1.1070752215165165,0.901039153557853,0.9169929416150208,0.9685563099265405,0.9274024808896384,0.9297106652803567
246,1.096064997674073,0.952717502833611,1.2262636978633885,0.9974134520654998,1.0939915672975682,1.0443909062921506,1.0,1.0914444141431805,0.9115247556643199,0.9274388824774374,0.9689092942199323,0.9353714456220623,0.9304415513782
247,1.0472340960047666,0.9674603903095903,1.1191582349619427,0.9974134520654998,1.0685523112360344,1.0135540230503715,1.0,1.0505973610464554,0.939953926700084,0.956128121707501,0.9692684604336391,0.9570486802971429,1.045049849952391
248,0.9749368734511714,0.9909726626451919,0.9697233597615781,0.9974134520654998,1.030231682577313,0.9667566941638915,1.0,0.9896330396358917,0.9861966618540672,1.0029146399691806,0.9696337088576926,0.9920240674485314,0.9475786738904682
249,0.9683990023284462,0.9933667353932185,0.9565170260653552,0.9974134520654998,1.0259857764879143,0.9628392599969944,1.0,0.983932182801546,0.9909674867655892,1.0075092028841375,0.970004937973962,0.9954941299335117,1.039339047781267
250,0.9616109130710564,0.9958706994016716,0.9429100552197704,0.9974134520654998,1.0215891022348078,0.9587485502383163,1.0,0.9780123725805137,0.9959696157439272,1.0123324721350437,0.9703820444784081,0.9991310308232396,0.8357185095084202
251,0.8491772079340627,1.0381962359030457,0.7351127287771165,0.9974134520654998,0.9592528033822684,0.8828651561993969,1.0,0.8815913627098941,1.0824281546699783,1.0999221364224738,0.970764923303877,1.0633594192890352,0.2454193378021508
252,0.8779692034523706,1.0269036686068078,0.7855973135208502,0.9974134520654998,0.9745990291513563,0.9031116516999358,1.0,0.9062698829643334,1.0590088533684183,1.0758372902665019,0.9711534676434302,1.04591775553829,0.26985739072869946
253,0.8771359728521948,1.0274139818420351,0.7838948304571296,0.9974134520654998,0.9733463084454127,0.9029471287009458,1.0,0.9053898086042931,1.0600616502982751,1.076615570857279,0.9715475689742202,1.046555948041949,0.25316308926874004
254,1.0500482869127217,0.9677816542259553,1.1231129955220993,0.9974134520654998,1.0640975105387787,1.018487322085451,1.0,1.051658804786533,0.9405782900760957,0.9550045468003283,0.9719471170819066,0.9566449833343562,0.7311577846749098
255,0.99739557725555,0.9847025259958944,1.013022760696679,0.9974134520654998,1.0362123378141845,0.9846050196252524,1.0,1.0073404628585763,0.9737563080541919,0.988416960636735,0.9723520000856188,0.981707268960327,1.016175889940272
256,1.0257067434767173,0.975740922498227,1.0710473247703232,0.9974134520654998,1.0499300886843508,1.0036201534637128,1.0,1.0309193653563862,0.9561129915929671,0.9702352218761207,0.9727621044634663,0.9682001916546005,1.0001470408389288
257,0.9408348820999601,1.0044311125827257,0.9008770125551147,0.9974134520654998,1.0046963285886774,0.9479136261743346,1.0,0.9591447649054213,1.0131657344929965,1.0278382015189298,0.9731773150785948,1.0110714379003845,1.0719048530049264
258,0.8909996116765395,1.023015262569524,0.8077346742713648,0.9974134520654998,0.9768815501161514,0.9145760266955033,1.0,0.9164404634548393,1.0510040904248457,1.0659177180048736,0.9735975152057942,1.0391118160863502,1.0568311364853902
259,0.936027840177094,1.0065359316372553,0.8911788040399263,0.9974134520654998,1.0003878098885535,0.9455937984153325,1.0,0.9546907439544169,1.0174164290627319,1.031553223597338,0.9740225865586544,1.0139577243202387,0.9568868123460577
260,0.948780320163604,1.0022024821132771,0.9153578595387777,0.9974134520654998,1.0062910964580927,0.9546308065661826,1.0,0.9653281523291625,1.0086747007018015,1.022389275272709,0.9744524093172728,1.00726853053405,0.7960795667656027
261,0.950085448074008,1.0019418382186784,0.9176051782294812,0.9974134520654998,1.0060856654388897,0.9559794079133453,1.0,0.9662431615020125,1.008150114662387,1.0215539440356665,0.974886862156513,1.0067260222364907,0.9302381828631877
262,1.018732595965332,0.9791071549015105,1.0546797103112884,0.9974134520654998,1.0408609603178087,1.001991696235382,1.0,1.023876296625333,0.9627214062806179,0.9752285189623809,0.9753258222748133,0.9723613654455884,1.0608801241175116
263,1.00937576064341,0.9823216598029848,1.0350810334189378,0.9974134520654998,1.0351286259835148,0.9963498637908854,1.0,1.0158283462363147,0.969053200958697,0.9813452089238618,0.9757691654235485,0.9770058171482078,1.1682686696098534
264,1.0896381519891911,0.9577800009993843,1.205869827979958,0.9974134520654998,1.0745105646948663,1.0490256831141578,1.0,1.0824877690599342,0.9212377141734801,0.9326380154111249,0.9762167659369396,0.9404783995728699,1.070577393362451
265,1.0686382562128294,0.9642113859419805,1.1594801469830411,0.9974134520654998,1.063121897413086,1.0360363030372097,1.0,1.0648555901482883,0.933651267714679,0.9449137117655652,0.9766684967625163,0.9498206111228883,0.7837086098747611
266,1.1297518594114242,0.9466981292816791,1.2954866527745323,0.9974134520654998,1.092078937291759,1.0757259687717604,1.0,1.115135458351969,0.9000429158474141,0.9106166968172216,0.977124229492126,0.9239169831228057,0.9569390794103816
267,1.1255660287064706,0.9480683531447706,1.2855015796284048,0.9974134520654998,1.0890292121663585,1.0736280478198492,1.0,1.1114590093882717,0.9026501942095465,0.9129683426620002,0.9775838343934921,0.9257784569170776,0.8276013405042455
268,1.1341700807482566,0.9458640314346929,1.304817694883495,0.9974134520654998,1.0921481288881834,1.0796607543255714,1.0,1.1182991490895882,0.8984576309108225,0.9084408275277647,0.9780471804423176,0.9224058819802033,0.8654604267399252
269,1.1161315812789816,0.9511341460026687,1.2632405538572051,0.9974134520654998,1.082394444573032,1.0687491608685808,1.0,1.1032235834804034,0.9084974791991403,0.9182999703752761,0.9785141353549343,0.9299777498366544,0.6938854659350503
270,0.9899326499218715,0.9901579145854287,0.9934074251361504,0.9974134520654998,1.0183878236437454,0.9871153129216949,1.0,0.998035462221427,0.9845756857373785,0.99488020423099,0.978984565621491,0.9876362290007432,0.7639767135624295
271,0.942790538875587,1.00661020381718,0.9007545298664722,0.9974134520654998,0.9928822285552252,0.9560363451763388,1.0,0.95806260984235,1.0175665847038695,1.0278847871596253,0.9794583365396856,1.0121905297727714,1.0566048182121237
272,0.9711379902698937,0.9969347309677803,0.9554257690194189,0.9974134520654998,1.0067177356557657,0.9756330174473653,1.0,0.9817962246692595,0.9980990272197092,1.0078926386364853,0.9799353122490297,0.9974700992121348,1.1076945486433705
273,1.0202201176891643,0.9808974637618236,1.0540981019920719,0.9974134520654998,1.0308341452761858,1.008783829726027,1.0,1.0227534235753462,0.966245319751682,0.9754078497511695,0.9804153557656485,0.9733394258539594,1.2995760683311728
274,1.0448704336555172,0.9733353310274885,1.1052882478781807,0.9974134520654998,1.0421861428120816,1.0255294560327304,1.0,1.0430769394341548,0.9514044014874738,0.960110912788001,0.9808983290176109,0.9619474179128794,0.9649808378456756
275,1.0409528682156126,0.9747693020752154,1.0966535725922755,0.9974134520654998,1.0392010291681,1.0235273850082145,1.0,1.0395881043215187,0.9542097888882582,0.9626241897451941,0.9813840928807838,0.9639148998041467,1.022812808974703
276,1.0973622421466507,0.9579839495071548,1.218325388206422,0.9974134520654998,1.0659255457601549,1.0607642137450184,1.0,1.0860864255588487,0.9216300904204662,0.9294488447948082,0.9818725072152089,0.9389689876062692,0.9658391954866121
277,1.0604462918989563,0.9691890403339681,1.13735462799762,0.9974134520654998,1.0467959365727029,1.0374149716121923,1.0,1.0553182690194463,0.9433159310362376,0.9510016936813045,0.982363430901996,0.9553318975134004,1.1142623764880646
278,0.9822282756227465,0.9944832583017178,0.9754343779809879,0.9974134520654998,1.0064399217319946,0.9863035526917149,1.0,0.9898202892071707,0.9931963910913422,1.0009535039496975,0.9828567218807275,0.9928075621047476,1.03293491463694
279,1.0475746673737498,0.9735776135069383,1.1091677584265087,0.9974134520654998,1.0383322356595235,1.0301540821159825,1.0,1.0441659495672768,0.9518781073092751,0.9589902192129618,0.9833522371873697,0.9615054819271506,1.0381640657393694
280,1.1085628182819318,0.9556006859763327,1.241656329985254,0.9974134520654998,1.0670495456112936,1.0703599549035123,1.0,1.0943375796261023,0.9170501490046896,0.9235904943153327,0.9838498329926835,0.9348401143067049,1.245834009896239
281,1.0187198447234824,0.9831269712847636,1.0481980740419363,0.9974134520654998,1.0218588632176469,1.0122888070214335,1.0,1.0196834824859733,0.9706427201244066,0.9772345304439355,0.984349364641129,0.9753569742804354,1.0046974317607826
282,1.0172118186958796,0.9838351745737038,1.0447423550797628,0.9974134520654998,1.0200629606884333,1.011861841968888,1.0,1.018195011884213,0.9720416441257426,0.9783108185390048,0.9848506866902582,0.976245369767221,1.2761785064604272
283,0.9587741926844688,1.0036583841342765,0.9278360707099077,0.9974134520654998,0.9893181336555235,0.9732794506401343,1.0,0.9689912668419212,1.01160743781073,1.0177852969218566,0.9853536529505867,1.0057277445429922,1.174103531357562
284,0.9709439917610869,0.9996748419138554,0.9512151267235667,0.9974134520654998,0.9945584699903054,0.9820564063502762,1.0,0.9790073191404364,1.0035931894211199,1.0093776265007222,0.9858581165259379,0.9995755039665043,1.2088292667958822
285,0.9997329689098777,0.9902111778949122,1.008114610308012,0.9974134520654998,1.0081605665747535,1.0019449051798355,1.0,1.0029096143255887,0.984681614638577,0.9900184476054872,0.9863639298542524,0.9852465936276184,1.1032245782519874
286,1.0202247744215411,0.9837612960006157,1.0495057539763393,0.9974134520654998,1.0173942313786277,1.0161700414187342,1.0,1.019778408516638,0.9718956636704832,0.9768284849930411,0.9868709447488532,0.9754688601759959,0.9979051742767493
287,1.0389920198008886,0.9780257655997812,1.088099216507866,0.9974134520654998,1.025652838326222,1.029182319411241,1.0,1.0351503223809373,0.9605959970077123,0.9651402422692807,0.9873790124401574,0.9667846501872839,0.9044485640052972
288,1.00807854248493,0.9881488773524035,1.0239614523777827,0.9974134520654998,1.0092385786882194,1.0092430521096236,1.0,1.0091887852910992,0.9805843174020288,0.9848846925781446,0.9878879836178273,0.9816649179284352,0.8038090412886295
289,1.052733637612783,0.9741980127972407,1.116304087755501,0.9974134520654998,1.0302861316059417,1.0394272704165215,1.0,1.046067291217414,0.9530916369802942,0.9569422988881278,0.9883977084733488,0.9607842646345233,1.036502736927834
290,1.0286181026828651,0.9819777608222336,1.065379634000128,0.9974134520654998,1.0173662645800616,1.0240794090092886,1.0,1.0258244388207054,0.9683748120211202,0.9719526912265318,0.988908036743028,0.9721488698798055,1.028560207929716
291,1.0229009492808185,0.9840296483920563,1.0532069612516213,0.9974134520654998,1.0134877939028337,1.0208668235612655,1.0,1.0208365686913559,0.9724259673098884,0.9756828766179542,0.9894188177513962,0.9750296435287885,0.808901125614439
292,0.9404694893575581,1.0122104555469835,0.8899927354085324,0.9974134520654998,0.9707905379686627,0.9658114995330911,1.0,0.9515884198887606,1.0289204952791315,1.0320112609754277,0.9899299004550103,1.0170376109070207,0.7155354449401347
293,0.9656488139743674,1.0035653119923116,0.9379635869597751,0.9974134520654998,0.9826850123262452,0.9835380805629217,1.0,0.9725491891126354,1.0114198279485742,1.0141089069929612,0.9904411334866402,1.0038631343398685,0.9409760682820414
294,0.9684139232042784,1.0028392150745982,0.9430184698365642,0.9974134520654998,0.9830758306277448,0.9859799108039361,1.0,0.9746458010212097,1.009956797811347,1.0122936762023733,0.9909523651998269,1.0026013896948052,0.9885142271446341
295,0.9724012351783842,1.0016961530467472,0.9504731828857271,0.9974134520654998,0.9840822595268184,0.9892510636266928,1.0,0.9777647068004354,1.0076557602853202,1.0096401998317859,0.9914634437138047,1.0007156834362205,0.7219207925555868
296,0.9834780518625703,0.9981497331586091,0.9719168018672332,0.9974134520654998,0.9886524142773027,0.9973199448044378,1.0,0.9868116162003664,1.0005333520440576,1.0021596054671067,0.9919742169587685,0.995235091013014,0.70744643969327
297,1.014644804988872,0.9880490679846137,1.0341389814643385,0.9974134520654998,1.0031631885192465,1.0188625390622699,1.0,1.0125724738996615,0.9803862368087026,0.9816431049230276,0.9924845327214784,0.9799985944879084,0.8810684086596641
298,0.9595845899885369,1.0068262719188037,0.9246315590094022,0.9974134520654998,0.9745637172005487,0.9822216542432258,1.0,0.9663505653526224,1.01800347134814,1.018959726628685,0.9929942386911851,1.0078947094396302,0.7870858465196142
299,0.9713213757196749,1.002982948187732,0.9470648519725408,0.9974134520654998,0.9795012882761438,0.99077844995413,1.0,0.9759679039575775,1.0102463250564233,1.0108499262268988,0.9935031825058621,1.00195796693765,0.7874354253613259
300,0.9961905773544005,0.9947922599546798,0.9958425348212123,0.9974134520654998,0.9909476508550306,1.008191186673339,1.0,0.996520940469431,0.9938136905847913,0.9940686235177436,0.9940112117987305,0.9895409426180561,0.7474871805840938
301,0.9469544496668655,1.0119722322204858,0.8995314744189857,0.9974134520654998,0.9651641012056261,0.97524421297202,1.0,0.9550883784678298,1.0284362402151048,1.0283504335487605,0.9945181742450644,1.015112678211178,0.8695530984164123
302,0.957092084334048,1.0086144421450631,0.9185830703061824,0.9974134520654998,0.9693305169692418,0.9827471682773017,1.0,0.9633836950302656,1.0216227253814805,1.0211913115423998,0.9950239176092553,1.0098933977179394,0.8209995581170342
303,0.9320161939262299,1.0178093129148498,0.8707854847489761,0.9974134520654998,0.9555789650891158,0.9660497595899153,1.0,0.942091143008048,1.0403345473930752,1.0395439687734187,0.9955282897921257,1.0235617022652577,0.9055924795617712
304,0.9902917532047919,0.9976632852474167,0.9827530095793852,0.9974134520654998,0.984006150363762,1.0064749665388146,1.0,0.9907069348968272,0.9995583705464165,0.9984625863399376,0.9960311388784733,0.9931555622402266,0.7524254326154617
305,0.9962330082864869,0.9958987015931989,0.9942469458331721,0.9974134520654998,0.9859610443362221,1.011061479605653,1.0,0.9954350062224209,0.9960256264771529,0.9946001069112215,0.9965323131848283,0.9903557331851569,0.9622949508905023
306,1.0350951085132793,0.9834948384628085,1.072970745144863,0.9974134520654998,1.0040013393991034,1.0377646078729321,1.0,1.02746173113467,0.9713692476486886,0.9696551232976013,0.9970316613074098,0.9717489430374882,0.8790523116712629
307,1.0000769849783595,0.9950631048980351,1.0012668501580666,0.9974134520654998,0.9858882519615254,1.0147871680650256,1.0,0.9981911261912262,0.9943549212838635,0.9922702656623061,0.9975290321702611,0.9887800305285447,0.8060576569296442
308,0.9676362994362537,1.006283122470916,0.9370517345014526,0.9974134520654998,0.9688040149736213,0.9932691754048351,1.0,0.9709201162952062,1.0169054092580962,1.0144377461515788,0.9980242750735467,1.0053844892327761,0.9297821000399795
309,0.9436337396415131,1.0149665647402293,0.890847183644903,0.9974134520654998,0.9557683809954315,0.9773110048377183,1.0,0.9505995546129709,1.0345313403159966,1.0316812072572725,0.9985172397419945,1.0182584293487131,0.8811622957435413
310,0.9614617577637776,1.0088742057285858,0.9245238490006091,0.9974134520654998,0.9638075707801916,0.9901222649473664,1.0,0.9653317733613782,1.0221490207481834,1.0189992957897362,0.999007776373464,1.0089388316885741,0.9473858683314499
311,0.9307006146961128,1.020090287909088,0.866029540323449,0.9974134520654998,0.9473384682455128,0.9694151250271374,1.0,0.9393209304222969,1.045002683268653,1.0414434384549685,0.9994957356876206,1.0256437469548467,0.7662621406733504
312,0.9557116254181695,1.0113310491559229,0.9129056944912369,0.9974134520654998,0.9590517196077162,0.9872381142603527,1.0,0.9601027321879037,1.0271334238391392,1.0233038735172673,0.9999809689746977,1.0122979693121632,0.8474615754363064
313,0.9501067319183402,1.013533052750173,0.9019393662442882,0.9974134520654998,0.9553134950607395,0.9839015434537701,1.0,0.955203474257844,1.031611114472807,1.0274344948923402,1.000463328144328,1.0154426854391165,0.7535139759603595
314,0.9140054922782471,1.0269238400895913,0.8344330131599585,0.9974134520654998,0.9360909853247316,0.9593278596245104,1.0,0.9246636359448338,1.0590504580277675,1.054425978723178,1.0009426657744234,1.0354676922868968,0.7363534736552588
315,0.977615319246228,1.0043620787314202,0.9543159034194941,0.9974134520654998,0.9671961335154637,1.003866642126295,1.0,0.9777803479335637,1.0130264709273245,1.0082832123070131,1.0014188351600806,1.001372839649808,0.740166041279301
316,0.9646380042729638,1.0090576282091916,0.9288556373848318,0.9974134520654998,0.9598485174876608,0.9954850337743105,1.0,0.9667492105319504,1.0225207264595921,1.0174127668819881,1.0018916903624997,1.008244734609489,0.7291922460322107
317,0.9570867494561941,1.0119150811099211,0.9140847779137921,0.9974134520654998,0.9551890149482702,0.9907986017387687,1.0,0.9602386782907587,1.0283200816650824,1.0228636956045203,1.0023610862578851,1.012372414171206,0.7372520010384542
318,0.9152757403297671,1.0273068731004866,0.8357055003942703,0.9974134520654998,0.9332244484310634,0.9622250742709701,1.0,0.9249609412135723,1.059840637244301,1.0538905328531618,1.0028268785863161,1.0353977924079247,0.7089235477126956
319,0.8993434272013141,1.0335493889449419,0.8066165336639842,0.9974134520654998,0.9242145695202771,0.9515129256773286,1.0,0.9113373296125267,1.0727601916652096,1.0664100195062935,1.003288924000561,1.0446892166152733,0.6824850994512
320,0.9162840427834175,1.027348611442625,0.8370358356685911,0.9974134520654998,0.9320270896699795,0.9639134474136744,1.0,0.925432687685936,1.059926759299779,1.0533319063624909,1.0037470801148147,1.0351443716761013,0.6569362492399332
321,0.9647964236179031,1.0100354712526984,0.927735579543364,0.9974134520654998,0.9555170244397619,0.9981443451769197,1.0,0.9658925770267748,1.0245034660346755,1.017822044008478,1.00420120555334,1.0089360163373189,0.6753088564404459
322,0.9432049227959474,1.0178871584624858,0.8864112496410416,0.9974134520654998,0.9439185326026462,0.9836858744587164,1.0,0.9476566313339815,1.04049369018841,1.033399317514061,1.0046511599989851,1.0205711541402285,0.6405412473758944
323,0.9446627398224817,1.0175638284462234,0.8888905967449975,0.9974134520654998,0.943810212540441,0.9851845416629603,1.0,0.9486900470443014,1.0398327732941963,1.0324376163082383,1.0050968042415636,1.0199341333505445,0.7403020304945328
324,0.9991628994435944,0.9989103933132514,0.994123352488859,0.9974134520654998,0.9698023634334321,1.02322004018407,1.0,0.9938920801958285,1.0020588863838416,0.9946413227419993,1.005538000226066,0.9918726181688617,0.6867970638539954
325,0.9668000213723522,1.0101290788904589,0.9304976719798217,0.9974134520654998,0.9531392392612316,1.0014872371090824,1.0,0.9668053927576215,1.0246933718271243,1.0168139437341872,1.0059746111006864,1.008482971625719,0.7625432260581322
326,1.002751606819564,0.9981002219405746,1.0007012578936634,0.9974134520654998,0.9698663236597711,1.0266530191750967,1.0,0.9964835715025563,1.0004340956004778,0.9924571728210146,1.0064065012646377,0.9903811133166155,0.7381948388163867
327,1.081012061923954,0.9735919594622523,1.1626686596725206,0.9974134520654998,1.0061482766752865,1.0799073935154966,1.0,1.0606837206099604,0.9519061599292454,0.9440491410751796,1.0068335364157364,0.9539929739629193,0.7371727183431874
328,1.0911936239924878,0.9707352020839296,1.1843421485184857,0.9974134520654998,1.0100284487853053,1.087183706595475,1.0,1.0688031939425877,0.946328103787952,0.9382549442894449,1.0072555835977293,0.9496645061053883,0.8665357701927424
329,1.041633697343332,0.9860741883740632,1.0789064005103652,0.9974134520654998,0.9860087100767414,1.0544955880371738,1.0,1.0280057213726665,0.9764710267218547,0.9678736509345051,1.0076725112473441,0.9721281406876834,0.9277996782400993
330,1.0354425532518732,0.9882149862194117,1.065828880937791,0.9974134520654998,0.9822713146912039,1.0507898307312966,1.0,1.02272572691674,0.9807155273607265,0.9718161126627659,1.008084189241037,0.9751628584138866,1.057772034825781
331,0.9541806791371306,1.015689614596285,0.9048571740697168,0.9974134520654998,0.9421797359942569,0.9955124955760972,1.0,0.9552167061229214,1.0360058404661934,1.0263289485946454,1.008490488941415,1.0159753744239213,0.8434113522337681
332,0.8923692998507569,1.038802626517427,0.7912122393808394,0.9974134520654998,0.9104280600467716,0.9524622838868384,1.0,0.9032061443998083,1.0836929752094375,1.073286313197353,1.0088912832433112,1.0507120217876598,1.0827412910285157
333,0.9288974411567141,1.0251818556544987,0.8570889719765523,0.9974134520654998,0.9281476391352612,0.9787058541432407,1.0,0.9337499339398349,1.0554605429421033,1.0450521291125179,1.0092864466194882,1.0299800646082504,1.0984761609974631
334,0.8880749693108406,1.0408338656285423,0.7832095000856293,0.9974134520654998,0.9068238558123273,0.9502245326446568,1.0,0.8992718778377535,1.0879351509869988,1.0769295022911756,1.0096758551659462,1.0535222948780159,1.1505093300456295
335,0.8465130774509678,1.0577751811028602,0.7114363848650866,0.9974134520654998,0.8846777028604387,0.9207297967697123,1.0,0.8639151201298151,1.1236393134989564,1.111990898500138,1.0100593866468144,1.0792118091617688,1.0623626531348096
336,0.8231926940762067,1.0678482982670165,0.6726103490773571,0.9974134520654998,0.8717549139818018,0.9041165500881457,1.0,0.8438957617713236,1.1451418851801376,1.1329882563737512,1.0104369205388002,1.0945279854651053,0.9913070362468346
337,0.8054701618304821,1.0757991103068738,0.6438030624487195,0.9974134520654998,0.8616862454558449,0.8914569920300718,1.0,0.8285928084555473,1.162257993255407,1.1496410006747755,1.0108083380751731,1.1066393239037695,0.9385235771886626
338,0.8336559094395921,1.0637064112411967,0.6894824376086809,0.9974134520654998,0.8759999918218325,0.9125001617754211,1.0,0.8525488082590427,1.1362757384794238,1.1236701755691847,1.0111735222892637,1.0879018157550895,0.9796820061930993
339,0.9138668940644128,1.0317905783222274,0.8283477643688881,0.9974134520654998,0.916524283035884,0.9705134760773879,1.0,0.9202324137103096,1.0691122254344856,1.0570017068715012,1.011532358057448,1.0391853352062244,0.9920405275313229
340,0.9179110188469386,1.0304325595195911,0.8355013182213488,0.9974134520654998,0.9179103548239184,0.9737513345592496,1.0,0.9234817783432824,1.0662997961043568,1.0539763767760377,1.0118847321416022,1.0370139800694704,1.1360744874829984
341,0.9204001555325351,1.0296591682920693,0.8398474594714085,0.9974134520654998,0.9185261788530297,0.9758813329366777,1.0,0.9254276319775161,1.0646997740093675,1.0521551513519167,1.0122305332309969,1.035728733054259,1.1934498029209057
342,0.8863680625700324,1.0428271764179105,0.7787145012436665,0.9974134520654998,0.9007811709074376,0.9520291771222709,1.0,0.8966899889229861,1.0921061709598285,1.0789976596554522,1.0125696519836154,1.0555427029775375,1.4563798967129127
343,0.8167458222460113,1.0718106607407751,0.6610417629198068,0.9974134520654998,0.8641132876157877,0.9018282218309513,1.0,0.8374772154874972,1.1536559889400597,1.139559372624775,1.0129019810668676,1.099732098237145,1.3567842023906853
344,0.8347927216904482,1.064182632208156,0.6904295246636336,0.9974134520654998,0.8730468030865894,0.9153910382930338,1.0,0.8527481229533022,1.1372933866846608,1.12315614750544,1.0132274151976812,1.0878963981276037,1.1324533240159975
345,0.8667991374071491,1.0510665472321148,0.7442314335372666,0.9974134520654998,0.8890670159119566,0.9389695282990342,1.0,0.879785162561764,1.109431794117651,1.095411393488834,1.0135458511819464,1.0677341173723773,1.274389028105231
346,0.9106458797095546,1.0340601699186782,0.8212609991848174,0.9974134520654998,0.9107166111985359,0.9707045702865156,1.0,0.9165930611980408,1.073820771640793,1.060033337283661,1.0138571879532912,1.0418184713601315,1.137408237653852
347,0.8934685358426631,1.040783643835692,0.7904125565992962,0.9974134520654998,0.901545405336599,0.958778528230832,1.0,0.9020420535160034,1.0878301645191146,1.0736481492571515,1.0141613266111673,1.0518906756486703,1.1909291804085689
348,0.9086637547459712,1.0350840894623181,0.8173667787170942,0.9974134520654998,0.9086473776362317,0.9699339220430976,1.0,0.9146892636904831,1.075948404960929,1.0617141270153823,1.014458170458226,1.0431601802465074,0.9794100016694686
349,0.888175039074766,1.0431151340227796,0.7807735637722018,0.9974134520654998,0.8978323684520774,0.9556012739750575,1.0,0.8973557447758213,1.0927093844228957,1.0780483107582426,1.014747625036958,1.0552239048891705,0.9760961420745714
350,0.8900072343817055,1.0425275727321348,0.7838529628980087,0.9974134520654998,0.8982586730992294,0.9572104662922933,1.0,0.8987870997511391,1.0914787380746431,1.076634738764907,1.0150295981655835,1.054234818150194,1.2856921395029526
351,0.8844997739129455,1.044812421539894,0.7740423497505133,0.9974134520654998,0.8949911325917576,0.9535438418244663,1.0,0.894042466273142,1.0962682454009054,1.0811642643466717,1.0153039999731654,1.0576071812873726,1.2298111420252424
352,0.9645461063944444,1.0151898705922409,0.9203207178216253,0.9974134520654998,0.9341211337238978,1.0105340140670354,1.0,0.9608638009501802,1.0349866111077068,1.0205482065646128,1.0155707429339302,1.0128608530072012,1.3825254200982036
353,0.9708897778563617,1.0130888047753515,0.9323076390088392,0.9974134520654998,0.9367100496580899,1.0152475303411974,1.0,0.9660176470428773,1.0307069689021366,1.0161555087226624,1.0158297419007742,1.0096322911935878,0.9581533730787117
354,0.9385993317317725,1.0246883500684196,0.8711807833741836,0.9974134520654998,0.9205462146635335,0.9928830940943848,1.0,0.9390656043018603,1.054444625033511,1.0393867138237851,1.0160809141379352,1.0269371525184452,1.1102097962418127
355,0.8949465976815716,1.0411957293027236,0.7919043688655806,0.9974134520654998,0.8984545415482732,0.9621103476944849,1.0,0.9024305614156682,1.0886917609696882,1.0729735356883725,1.0163241793528135,1.051768308000477,1.0337987723943782
356,1.2425674764957328,1.1985138510808475,0.9257723394288334,1.1023123405202295,0.9574740984116373,1.0308789025604572,1.0,1.1282970220188977,1.181047592571504,1.0530645812409836,1.4425665405139667,1.3317108932751403,0.943164822909826
357,1.1999323059471962,1.2126643440682765,0.8632031581765827,1.1023123405202295,0.9404837411233681,1.0074109673049894,1.0,1.095832743923489,1.2091007766676574,1.0779171935711092,1.4428889813531582,1.3552640686589956,0.8064872124580322
358,1.2143792622777285,1.207951956827778,0.8839869112669473,1.1023123405202295,0.9457208309323667,1.0157239724843317,1.0,1.1067104679873392,1.199721956498746,1.0694023347727168,1.443199881006676,1.3472751992811383,0.84694221324501
359,0.9800346183097498,1.0105404520235635,0.9490895567624023,0.9974134520654998,0.9385466211265201,1.0231625631337586,1.0,0.973003981374821,1.0255281506005764,1.0101305948080577,1.0172166513562706,1.005367866722091,0.0
360,0.9707643637776933,1.0138367029787503,0.9310957571663802,0.9974134520654998,0.9337251632596417,1.0169252246991924,1.0,0.9652426761769548,1.0322293397470492,1.0165961818082232,1.017419264697534,1.0102238748253154,0.7166291787251493
361,0.9600356859120329,1.0176857175609808,0.9105130395752468,0.9974134520654998,0.9281966491731342,1.009632965727226,1.0,0.9562635912175121,1.040081901425005,1.0241994387675706,1.0176135422372183,1.0159176199425923,0.9498040385174389
362,0.9100639164083031,1.036066013472192,0.818092338388749,0.9974134520654998,0.9033865321852766,0.9744839040211951,1.0,0.9145261578927861,1.0779907524432124,1.061400158870724,1.017799421600403,1.043500530365236,1.018080013825365
363,0.9223839575524541,1.0315124077631739,0.8402945580859963,0.9974134520654998,0.9091638028531662,0.9834493795438074,1.0,0.9247599782934296,1.0685358382047627,1.0519685102259642,1.017976843077058,1.036568445599606,1.0800792172181748
364,0.9844715879773014,1.0094295132452633,0.9571200342785973,0.9974134520654998,0.9389527794882649,1.0272899380914582,1.0,0.9762773353492231,1.0232745589830425,1.0072975735744805,1.018145749645405,1.0034050426006624,0.7376679983027473
365,0.9329030430305417,1.0277684576142805,0.8593843906576792,0.9974134520654998,0.9137421078326818,0.9912683397546826,1.0,0.9334059862846857,1.0607932560613005,1.0441208535219406,1.0183060869942646,1.0308189969130017,0.9231920836176032
