t,temp_C,temp_seasonal,anomaly,z,rain_mm,wet,date
1,3.516952506516725,3.3606057930623,0.1563467134544251,0.05583811194800897,8.170926866436758,1,2025-01-01
2,3.036354093542077,3.318472418778809,-0.28211832523673186,-0.10075654472740424,0.0,0,2025-01-02
3,2.199989353716264,3.2789115684803427,-1.078922214764079,-0.3853293624157425,0.0,0,2025-01-03
4,3.3044608103894317,3.2419349649006417,0.06252584548879014,0.02233065910313934,0.0,0,2025-01-04
5,1.1094541755107499,3.207553565005364,-2.0980993894946143,-0.7493212105337909,0.0,0,2025-01-05
6,0.7674284609934503,3.1757775567453113,-2.408349095751861,-0.8601246770542361,3.8115562825414284,1,2025-01-06
7,1.5984416292541375,3.146616356037512,-1.5481747267833748,-0.5529195452797767,0.0,0,2025-01-07
8,3.2747141163935427,3.1200786039750863,0.1546355124184564,0.0552269687208773,3.2926912905983086,1,2025-01-08
9,2.2121569185106913,3.0961721642667026,-0.8840152457560114,-0.315719730627147,0.0,0,2025-01-09
10,1.1803542289637108,3.0749041209063908,-1.89454989194268,-0.6766249614081,0.0,0,2025-01-10
11,0.9179782797095744,3.056280776074397,-2.1383024963648225,-0.7636794629874366,0.0,0,2025-01-11
12,0.8682650345016638,3.0403076482697227,-2.172042613768059,-0.775729504917164,0.0,0,2025-01-12
13,1.657030859391535,3.026989470674865,-1.3699586112833297,-0.4892709326011892,0.0,0,2025-01-13
14,3.720162045225276,3.0163301897532726,0.7038318554720033,0.25136851981142977,3.3337629852854516,1,2025-01-14
15,8.882056742395754,3.00833296407993,5.873723778315823,2.097758492255651,1.8083028752015011,1,2025-01-15
16,7.4988259010061675,3.0030001634053995,4.495825737600768,1.6056520491431314,3.0965890476399434,1,2025-01-16
17,9.926588847543977,3.00033336795361,6.926255479590367,2.473662671282274,0.0,0,2025-01-17
18,8.96869581775772,3.00033336795361,5.968362449804109,2.1315580177871816,0.0,0,2025-01-18
19,5.191054844798311,3.0030001634053995,2.1880546813929107,0.7814481004974682,0.0,0,2025-01-19
20,6.308893752215924,3.00833296407993,3.3005607881359937,1.1787717100485693,0.0,0,2025-01-20
21,8.848867821270606,3.0163301897532726,5.832537631517333,2.083049154113333,0.0,0,2025-01-21
22,3.9865481779421534,3.026989470674865,0.9595587072672886,0.342699538309746,0.0,0,2025-01-22
23,1.2607020358605314,3.0403076482697227,-1.7796056124091912,-0.6355734330032826,0.0,0,2025-01-23
24,0.3503183135175938,3.0562807760743986,-2.705962462556805,-0.966415165198859,0.0,0,2025-01-24
25,1.8145944113489945,3.0749041209063908,-1.2603097095573963,-0.450110610556213,0.0,0,2025-01-25
26,0.898883083438669,3.0961721642667026,-2.1972890808280336,-0.7847461002957263,0.0,0,2025-01-26
27,2.953837269245632,3.1200786039750863,-0.16624133472945446,-0.059371905260519456,0.0,0,2025-01-27
28,5.75181484072295,3.146616356037512,2.6051984846854377,0.9304280302447993,0.0,0,2025-01-28
29,3.946558188480488,3.1757775567453113,0.7707806317351769,0.27527879704827746,0.0,0,2025-01-29
30,1.3444482995578042,3.207553565005364,-1.86310526544756,-0.6653947376598429,0.0,0,2025-01-30
31,-0.5287793366769757,3.2419349649006435,-3.770714301577619,-1.3466836791348642,0.0,0,2025-01-31
32,1.3892698938089003,3.2789115684803445,-1.8896416746714442,-0.674872026668373,2.190372575565648,1,2025-02-01
33,1.4008301438131805,3.318472418778809,-1.9176422749656283,-0.684872241059153,0.2294901195418174,1,2025-02-02
34,4.936540363361128,3.360605793062298,1.5759345702988294,0.5628337751067248,0.0,0,2025-02-03
35,6.257826035879235,3.405299206302704,2.852526829576531,1.0187595819916184,6.88555396697059,1,2025-02-04
36,4.0310568099469775,3.4525394148771156,0.5785173950698621,0.20661335538209363,0.0,0,2025-02-05
37,2.688790091697054,3.5023124204922063,-0.8135223287951522,-0.2905436888554115,1.2748014036060997,1,2025-02-06
38,2.2969220491703957,3.5546034743322235,-1.2576814251618278,-0.44917193755779566,6.662131285890463,1,2025-02-07
39,4.0230563948497355,3.60939708142938,0.4136593134203559,0.14773546907869853,0.0,0,2025-02-08
40,5.626506057172214,3.6666770052553517,1.959829051916862,0.6999389471131651,0.0,0,2025-02-09
41,7.518344118286894,3.726426272532507,3.791917845754387,1.3542563734837099,16.180998544726055,1,2025-02-10
42,8.055082634808757,3.7886271782634537,4.2664554565453034,1.5237340916233229,0.0,0,2025-02-11
43,5.312709473020787,3.8532612909774233,1.4594481820433636,0.5212314935869156,0.0,0,2025-02-12
44,6.139689971999854,3.9203094581918965,2.2193805138079568,0.792635897788556,0.0,0,2025-02-13
45,8.073964032818548,3.98975181208791,4.084212220730637,1.4586472216895134,16.647003328247603,1,2025-02-14
46,5.286730346725702,4.061567775397317,1.2251625713283847,0.4375580611887088,0.0,0,2025-02-15
47,8.643025113901256,4.135736067500273,4.507289046400984,1.6097460880003513,0.0,0,2025-02-16
48,7.641446844736955,4.212234710731146,3.429212134005809,1.224718619287789,0.0,0,2025-02-17
49,6.612647909787368,4.2910410368909675,2.3216068728964,0.8291453117487144,0.0,0,2025-02-18
50,4.321683260515988,4.37213169396452,-0.050448433448532226,-0.01801729766019008,0.0,0,2025-02-19
51,6.127302149815222,4.455482653040031,1.6718194967751914,0.5970783917054255,0.0,0,2025-02-20
52,3.9879973104013517,4.541069215429466,-0.5530719050281137,-0.19752568036718346,0.0,0,2025-02-21
53,1.249267349559172,4.628866019987279,-3.379598670428107,-1.2069995251528953,0.4292385604194216,1,2025-02-22
54,1.3485772628477575,4.718847050625474,-3.3702697877777164,-1.2036677813491845,10.145308369471776,1,2025-02-23
55,3.391164124442998,4.810985644022716,-1.4198215195797177,-0.5070791141356135,1.1717237581004065,1,2025-02-24
56,4.307451548784152,4.905254497525271,-0.5978029487411192,-0.2135010531218283,3.311082169134978,1,2025-02-25
57,6.830894470678005,5.0016256772373575,1.8292687934406473,0.6533102833716598,10.459645180321798,1,2025-02-26
58,6.3968046038030035,5.100070626298569,1.296733977504434,0.46311927768015504,4.385804076328222,1,2025-02-27
59,8.708888580770967,5.2005601733458775,3.5083284074250893,1.2529744312232463,0.0,0,2025-02-28
60,6.767819851099618,5.303064541157754,1.4647553099418633,0.5231268964078084,0.0,0,2025-03-01
61,5.792758265349118,5.4075533554777895,0.3852049098713286,0.13757318209690308,0.0,0,2025-03-02
62,3.9014175656817374,5.513995654015252,-1.6125780883335148,-0.5759207458333981,0.0,0,2025-03-03
63,3.735613822818422,5.622359895619864,-1.8867460728014416,-0.673837883143372,0.0,0,2025-03-04
64,5.979915849670767,5.732613969628151,0.24730188004261566,0.08832210001521988,0.0,0,2025-03-05
65,7.707106014271959,5.844725205378505,1.8623808088934541,0.6651360031762337,3.249310491259599,1,2025-03-06
66,8.280693640263976,5.958660381892218,2.322033258371758,0.8292975922756279,0.904323295472959,1,2025-03-07
67,6.783190730132255,6.074385737717561,0.708804992414694,0.253144640148105,0.0,0,2025-03-08
68,6.822816703380569,6.191866980934049,0.6309497224465208,0.22533918658804317,0.0,0,2025-03-09
69,8.402221858853995,6.3110692993138615,2.0911525595401326,0.7468401998357617,0.0,0,2025-03-10
70,5.221532318973109,6.4319573706374715,-1.2104250516643624,-0.43229466130870087,3.2037474769374312,1,2025-03-11
71,9.129230127314173,6.554495373160361,2.5747347541538126,0.9195481264835046,1.3145904545726848,1,2025-03-12
72,11.384206617586297,6.678646996227797,4.705559621358501,1.680557007628036,0.0,0,2025-03-13
73,13.467728109380893,6.8043754510344545,6.663352658346439,2.3797688065523,0.0,0,2025-03-14
74,14.214709530190605,6.931643481525732,7.283066048664873,2.601095017380312,3.444168107985448,1,2025-03-15
75,12.326848089136053,7.06041337543753,5.266434713698524,1.8808695406066158,1.5106371778390228,1,2025-03-16
76,11.283193544010853,7.190646975471193,4.092546568539659,1.46162377447845,5.568973958867989,1,2025-03-17
77,13.698904594139549,7.322305690600361,6.376598903539189,2.277356751263996,0.0,0,2025-03-18
78,12.320703744942218,7.455350507506316,4.865353237435901,1.7376261562271076,8.89871675740519,1,2025-03-19
79,12.050425715204277,7.589742002138467,4.460683713065809,1.5931013260949318,1.963338805566493,1,2025-03-20
80,14.392547565644183,7.725440351396551,6.667107214247631,2.381109719374154,0.0,0,2025-03-21
81,13.912629775925346,7.862405344931064,6.050224430994282,2.160794439640815,5.648696624511991,1,2025-03-22
82,9.608452894887849,8.00059639705848,1.6078564978293688,0.5742344635104889,8.850583842743227,1,2025-03-23
83,10.251158856209052,8.13997255878765,2.111186297421403,0.7539951062219297,0.0,0,2025-03-24
84,10.406949800019738,8.280492529953863,2.126457270065876,0.7594490250235273,0.0,0,2025-03-25
85,8.169389229050033,8.422114671456995,-0.2527254424069627,-0.09025908657391526,0.0,0,2025-03-26
86,11.975470538667402,8.564797017600071,3.4106735210673316,1.2180976860954755,0.0,0,2025-03-27
87,6.351240497659873,8.70849728852458,-2.3572567908647066,-0.8418774253088238,0.0,0,2025-03-28
88,5.6422315969967025,8.853172902738944,-3.2109413057422413,-1.1467647520508006,0.7329186435539551,1,2025-03-29
89,8.676483118191763,8.998780989736318,-0.32229787154455525,-0.11510638269448402,7.197336552530051,1,2025-03-30
90,10.560670848193407,9.145278402698045,1.415392445495363,0.5054973019626297,1.6146027926282707,1,2025-03-31
91,6.418854350229113,9.292621731278993,-2.873767381049881,-1.0263454932321003,0.0,0,2025-04-01
92,5.427533347507469,9.44076731447097,-4.0132339669635,-1.4332978453441072,9.349562175229721,1,2025-04-02
93,2.8239694353844396,9.589671253540432,-6.765701818155993,-2.4163220779128545,1.3682304861224674,1,2025-04-03
94,5.170913879653311,9.739289425036626,-4.568375545383315,-1.6315626947797555,1.166067513248212,1,2025-04-04
95,9.294731156286382,9.889577493866312,-0.5948463375799311,-0.21244512056426113,0.0,0,2025-04-05
96,11.463492607430972,10.040490926431215,1.4230016809997574,0.508214886071342,0.0,0,2025-04-06
97,10.578836631870992,10.191985003824284,0.38685162804670836,0.13816129573096728,0.0,0,2025-04-07
98,12.843536945835872,10.34401483508088,2.499522110754992,0.892686468126783,4.883324953697908,1,2025-04-08
99,12.512527105087257,10.496535370480927,2.0159917346063296,0.7199970480736892,2.6307569114378166,1,2025-04-09
100,14.482863128503805,10.649501414898127,3.833361713605678,1.369057754859171,4.8391046094897225,1,2025-04-10
101,10.976395847030343,10.802867641192236,0.17352820583810713,0.06197435922789541,0.0,0,2025-04-11
102,10.34147978994067,10.956588603640496,-0.615108813699825,-0.21968171917850893,8.297063245573899,1,2025-04-12
103,10.544228292923755,11.110618751404157,-0.5663904584804015,-0.2022823066001434,0.0,0,2025-04-13
104,15.957639075077857,11.264912442026198,4.692726633051659,1.6759737975184497,0.0,0,2025-04-14
105,16.11777442237068,11.419423954956153,4.6983504674145244,1.6779823097909017,0.0,0,2025-04-15
106,18.109568246033636,11.574107505098114,6.535460740935521,2.3340931217626864,0.0,0,2025-04-16
107,17.791844435696188,11.728917256377827,6.062927179318362,2.1653311354708435,8.17622475704739,1,2025-04-17
108,17.301063480541515,11.88380733532492,5.4172561452165935,1.934734337577355,0.0,0,2025-04-18
109,14.829231064120364,12.038731844666199,2.7904992194541665,0.9966068640907738,0.0,0,2025-04-19
110,13.012280320842724,12.193644876926001,0.8186354439167232,0.29236980139882973,0.0,0,2025-04-20
111,12.783439115952088,12.34850052802957,0.43493858792251916,0.15533520997232828,0.0,0,2025-04-21
112,13.65036084250579,12.503252910905431,1.1471079316003603,0.4096814041429858,0.0,0,2025-04-22
113,12.340177615951205,12.6578561690827,-0.31767855313149473,-0.11345662611839098,0.0,0,2025-04-23
114,9.994428259010936,12.81226449027937,-2.8178362312684335,-1.0063700825958692,10.505593748482507,1,2025-04-24
115,8.947095310365134,12.966432119977467,-4.019336809612334,-1.435477432004405,0.0,0,2025-04-25
116,7.477079614408714,13.120313374981102,-5.643233760572388,-2.015440628775853,0.0,0,2025-04-26
117,10.479920092214213,13.273862656953387,-2.793942564739174,-0.9978366302639908,0.0,0,2025-04-27
118,9.64640958901979,13.427034465928212,-3.7806248769084236,-1.3502231703244372,0.0,0,2025-04-28
119,10.535628568553479,13.579783413792853,-3.0441548452393743,-1.0871981590140622,0.0,0,2025-04-29
120,11.319810178818969,13.73206423773747,-2.4122540589185,-0.8615193067566073,0.0,0,2025-04-30
121,10.570916329979587,13.883831813667436,-3.3129154836878496,-1.1831841013170892,0.0,0,2025-05-01
122,12.629410081672301,14.035041169574594,-1.4056310879022929,-0.5020111028222475,0.0,0,2025-05-02
123,13.405871897075277,14.185647498863421,-0.779775601788143,-0.2784912863529082,0.0,0,2025-05-03
124,11.998897248122198,14.335606173628198,-2.336708925506001,-0.834538901966429,8.812259390431992,1,2025-05-04
125,12.94571279911837,14.48487275787722,-1.5391599587588491,-0.5496999852710176,0.16856649972884857,1,2025-05-05
126,14.10592042849222,14.633403020700136,-0.5274825922079156,-0.1883866400742556,0.0,0,2025-05-06
127,14.23471064191258,14.781152949374526,-0.5464423074619469,-0.19515796695069532,0.0,0,2025-05-07
128,14.098949482197245,14.928078762407822,-0.8291292802105772,-0.29611760007520616,0.0,0,2025-05-08
129,16.381391537005605,15.0741369225107,1.3072546144949067,0.4668766480338953,4.438342424791232,1,2025-05-09
130,10.87350715137412,15.21928414949813,-4.34577699812401,-1.552063213615718,0.0,0,2025-05-10
131,14.58055742521732,15.363477433114221,-0.7829200078969012,-0.27961428853460757,1.5691234179369926,1,2025-05-11
132,16.84486759321772,15.506674045777093,1.3381935474406292,0.4779262669430819,0.0,0,2025-05-12
133,16.573288168779573,15.648831555239976,0.9244566135395966,0.33016307626414165,0.0,0,2025-05-13
134,16.307235005982903,15.789907837164806,0.5173271688180985,0.1847597031493209,0.0,0,2025-05-14
135,18.442845221944182,15.929861087604577,2.5129841343396038,0.8974943336927157,3.3957301347168842,1,2025-05-15
136,18.326526536279978,16.06864983539074,2.257876700889237,0.8063845360318703,0.9825293532166007,1,2025-05-16
137,19.40521757755693,16.20623295442202,3.1989846231349075,1.1424945082624671,0.0,0,2025-05-17
138,20.40875236373166,16.342569675850967,4.066182687880695,1.452208102814534,4.942700040103835,1,2025-05-18
139,19.20572940823112,16.477619600164626,2.728109808066497,0.9743249314523205,3.9909903650847585,1,2025-05-19
140,18.46981990437819,16.611342709155814,1.8584771952223789,0.6637418554365639,11.858693725916103,1,2025-05-20
141,16.188598091165165,16.74369937778135,-0.5551012866161849,-0.19825045950578032,6.790569910148821,1,2025-05-21
142,16.981171670686937,16.874650385903834,0.10652128478310408,0.038043315993965744,0.0,0,2025-05-22
143,12.685413468253971,17.0041569299134,-4.3187434616594285,-1.5424083791640817,1.6429743752797494,1,2025-05-23
144,14.797605957830424,17.13218063422608,-2.3345746763956576,-0.8337766701413063,2.5711862393629796,1,2025-05-24
145,15.444840471870524,17.258683562655314,-1.8138430907847902,-0.6478011038517109,0.0,0,2025-05-25
146,17.292309913612986,17.383628229653247,-0.0913183160402633,-0.03261368430009404,0.0,0,2025-05-26
147,19.87117422942737,17.50697761141852,2.364196618008851,0.8443559350031611,0.0,0,2025-05-27
148,18.680290919251007,17.628695156867217,1.0515957623837924,0.3755699151370687,0.0,0,2025-05-28
149,20.403780446418978,17.748744798463743,2.655035647955235,0.9482270171268697,0.0,0,2025-05-29
150,21.288970514533325,17.867090962908414,3.4218795516249116,1.2220998398660399,1.577545074486652,1,2025-05-30
151,19.21926233194955,17.983698581678578,1.2355637502709722,0.4412727679539187,0.0,0,2025-05-31
152,16.24042449757017,18.0985331014202,-1.8581086038500318,-0.6636102156607258,0.0,0,2025-06-01
153,20.515624473443644,18.21156049418675,2.3040639792568935,0.8228799925917477,0.0,0,2025-06-02
154,17.851322619707098,18.322747267522413,-0.4714246478153148,-0.16836594564832671,2.065900359487167,1,2025-06-03
155,19.539761835781594,18.43206047438665,1.1077013613949458,0.39560762906962355,2.199865107387739,1,2025-06-04
156,20.16795729846378,18.53946772291709,1.6284895755466882,0.5816034198381029,10.175954136352644,1,2025-06-05
157,24.00474000001295,18.64493718602796,5.359802813984993,1.9142152907089263,0.0,0,2025-06-06
158,20.307306913562424,18.748437610841115,1.5588693027213099,0.5567390366861821,0.0,0,2025-06-07
159,20.127060926663727,18.849938327946973,1.277122598716756,0.4561152138274129,0.0,0,2025-06-08
160,21.521671399504577,18.94940926049248,2.5722621390120946,0.9186650496471767,0.0,0,2025-06-09
161,21.294537338187265,19.046820933093567,2.2477164050936986,0.8027558589620353,0.0,0,2025-06-10
162,18.115248323926675,19.14214448056933,-1.0268961566426542,-0.3667486273723765,0.0,0,2025-06-11
163,19.678857904740124,19.235351656495393,0.44350624824473184,0.1583950886588328,0.0,0,2025-06-12
164,22.711072758490342,19.32641484157396,3.384657916916382,1.208806398898708,0.0,0,2025-06-13
165,21.249946843584553,19.415307051817987,1.834639791766568,0.6552284970594886,0.0,0,2025-06-14
166,25.071884331614722,19.50200194654713,5.569882385067593,1.9892437089527117,0.0,0,2025-06-15
167,18.498707815925435,19.586473836193043,-1.0877660202676092,-0.388487864381289,0.0,0,2025-06-16
168,20.27061469471164,19.668697689911784,0.6019170047998532,0.21497035885709045,0.0,0,2025-06-17
169,20.54084089060125,19.74864914300095,0.7921917476002993,0.28292562414296407,4.457475196351168,1,2025-06-18
170,18.65341612356484,19.8263045041195,-1.1728883805546593,-0.41888870734094974,1.5357573952196906,1,2025-06-19
171,14.567431668831137,19.90164076230799,-5.334209093476854,-1.9050746762417339,6.5297941688926295,1,2025-06-20
172,20.806514146134695,19.974635593807243,0.8318785523274514,0.29709948297408983,2.160459620976239,1,2025-06-21
173,19.55776744923431,20.045267368673315,-0.48749991943900783,-0.17410711408535995,0.0,0,2025-06-22
174,20.44861080594787,20.113515157186956,0.3350956487609115,0.11967701741461127,0.0,0,2025-06-23
175,18.178370431009935,20.179358736055526,-2.000988305045592,-0.7146386803734257,7.965183099930919,1,2025-06-24
176,17.542445858123415,20.242778594405586,-2.700332736282172,-0.9644045486722044,0.0,0,2025-06-25
177,17.46635958480252,20.30375593956439,-2.8373963547618684,-1.0133558409863817,2.435070263991483,1,2025-06-26
178,18.432776771286466,20.36227270262857,-1.929495931342102,-0.6891056897650365,3.7661285358501226,1,2025-06-27
179,20.783410299746286,20.418311543818334,0.3650987559279524,0.13039241283141156,3.9374584932967958,1,2025-06-28
180,19.495582442926946,20.471855857615623,-0.9762734146886766,-0.34866907667452735,1.1918889211418624,1,2025-06-29
181,23.484093735963157,20.52288977768468,2.961203958278478,1.0575728422423136,0.0,0,2025-06-30
182,22.483310406068018,20.571398181573578,1.9119122244944413,0.6828257944623005,0.0,0,2025-07-01
183,22.645432360657875,20.617366695195354,2.0280656654625213,0.7243091662366148,0.0,0,2025-07-02
184,19.143352254555513,20.660781697087337,-1.5174294425318233,-0.5419390866185083,5.465768079633375,1,2025-07-03
185,18.76846529427222,20.7016303224475,-1.9331650281752784,-0.6904160814911708,0.0,0,2025-07-04
186,20.810979029088585,20.739900466946555,0.0710785621420289,0.025385200765010323,0.0,0,2025-07-05
187,19.195725561186386,20.775580790314756,-1.579855229128369,-0.5642340104029889,0.0,0,2025-07-06
188,22.387492750993705,20.80866071970224,1.5788320312914652,0.5638685826040948,4.683579195920126,1,2025-07-07
189,23.209391657891082,20.839130452812007,2.3702612050790766,0.8465218589568131,3.639400325675627,1,2025-07-08
190,24.99234528676324,20.866980960804547,4.125364325958691,1.4733444021281041,2.6425331908231304,1,2025-07-09
191,23.167580839214942,20.89220399097328,2.275376848241665,0.8126345886577375,1.090540243797114,1,2025-07-10
192,21.44206347640093,20.914792069190007,0.527271407210923,0.18831121686104396,0.0,0,2025-07-11
193,22.697904814341303,20.93473850211966,1.7631663122216434,0.6297022543648727,0.0,0,2025-07-12
194,23.753439911758974,20.952037379203688,2.8014025325552856,1.0005009044840307,0.0,0,2025-07-13
195,25.082745196869368,20.96668357441147,4.1160616224579,1.4700220080206785,0.0,0,2025-07-14
196,25.051334520979154,20.97867274775927,4.072661773219886,1.4545220618642452,15.625391942803512,1,2025-07-15
197,25.46703509471042,20.988001346596285,4.479033748114134,1.599654910040762,0.0,0,2025-07-16
198,23.18555330525541,20.994666606657344,2.1908866985980655,0.7824595352135949,0.0,0,2025-07-17
199,22.656594122095626,20.998666552882046,1.6579275692135818,0.5921169890048507,0.0,0,2025-07-18
200,20.467814183782394,21.0,-0.5321858162176061,-0.19006636293485932,0.0,0,2025-07-19
201,18.013111428381052,20.998666552882046,-2.985555124500995,-1.066269687321784,8.475571792081556,1,2025-07-20
202,18.286539035868103,20.994666606657344,-2.7081275707892427,-0.9671884181390153,0.0,0,2025-07-21
203,18.361915891615954,20.988001346596285,-2.6260854549803296,-0.937887662492975,2.5119404341481406,1,2025-07-22
204,20.911574239383175,20.97867274775927,-0.06709850837609466,-0.02396375299146238,1.8023500970034976,1,2025-07-23
205,19.606216628271664,20.96668357441147,-1.360466946139807,-0.4858810521927882,0.0,0,2025-07-24
206,13.432846481339599,20.952037379203688,-7.519190897864088,-2.685425320665746,0.0,0,2025-07-25
207,11.506041517360753,20.93473850211966,-9.428696984758908,-3.3673917802710385,0.0,0,2025-07-26
208,15.795153944576747,20.914792069190007,-5.119638124613259,-1.8284421873618786,0.0,0,2025-07-27
209,18.706035252762117,20.89220399097328,-2.186168738211162,-0.7807745493611293,0.0,0,2025-07-28
210,22.555971832179523,20.866980960804547,1.6889908713749755,0.6032110254910628,0.0,0,2025-07-29
211,22.80093408137845,20.839130452812007,1.9618036285664417,0.7006441530594435,0.0,0,2025-07-30
212,18.9467676113609,20.80866071970224,-1.8618931083413395,-0.6649618244076213,0.6773830511170233,1,2025-07-31
213,19.93235475985445,20.775580790314756,-0.8432260304603042,-0.30115215373582294,4.018701531027731,1,2025-08-01
214,22.028601827614164,20.739900466946555,1.2887013606676108,0.46025048595271817,0.0,0,2025-08-02
215,20.49980252490784,20.7016303224475,-0.20182779753966207,-0.07208135626416502,0.0,0,2025-08-03
216,23.60479538402351,20.660781697087337,2.9440136869361746,1.0514334596200625,0.0,0,2025-08-04
217,26.46873269464097,20.617366695195354,5.851365999445617,2.0897735712305776,0.0,0,2025-08-05
218,24.425956386036198,20.571398181573578,3.854558204462622,1.3766279301652222,0.0,0,2025-08-06
219,22.032321173522945,20.52288977768468,1.5094313958382668,0.5390826413708096,3.2052880208207424,1,2025-08-07
220,23.650331786141248,20.471855857615623,3.1784759285256245,1.1351699744734374,4.318270118680103,1,2025-08-08
221,20.42029655459896,20.418311543818334,0.001985010780626073,0.000708932421652169,6.601708667550012,1,2025-08-09
222,21.020337249365852,20.36227270262857,0.6580645467372809,0.23502305240617175,0.0,0,2025-08-10
223,21.682797942559034,20.30375593956439,1.379042002994645,0.4925150010695161,0.0,0,2025-08-11
224,20.832038997586057,20.242778594405586,0.5892604031804709,0.21045014399302533,0.0,0,2025-08-12
225,18.75595840520591,20.179358736055526,-1.423400330849616,-0.50835726101772,0.0,0,2025-08-13
226,19.784833124300174,20.113515157186956,-0.3286820328867829,-0.11738644031670818,0.0,0,2025-08-14
227,21.665266608832855,20.045267368673315,1.6199992401595396,0.5785711571998355,5.175460325745421,1,2025-08-15
228,24.466048493465824,19.974635593807243,4.491412899658581,1.6040760355923505,0.0,0,2025-08-16
229,23.88525036400526,19.90164076230799,3.9836096016972675,1.4227177148918813,0.0,0,2025-08-17
230,22.30278127191309,19.8263045041195,2.4764767677935904,0.8844559884977109,0.0,0,2025-08-18
231,23.603237514944563,19.74864914300095,3.854588371943613,1.376638704265576,0.0,0,2025-08-19
232,23.052881195571167,19.668697689911784,3.3841835056593843,1.208636966306923,0.0,0,2025-08-20
233,20.416645853993163,19.586473836193043,0.8301720178001211,0.2964900063571861,0.0,0,2025-08-21
234,16.16634291160194,19.50200194654713,-3.335659034945189,-1.1913067981947105,0.0,0,2025-08-22
235,16.188691429369115,19.415307051817987,-3.22661562244887,-1.1523627223031678,0.0,0,2025-08-23
236,16.747929342804262,19.32641484157396,-2.578485498769698,-0.9208876781320351,11.899830183022399,1,2025-08-24
237,19.29520176642528,19.235351656495393,0.05985010992988471,0.021375039260673113,0.0,0,2025-08-25
238,19.857923665202684,19.14214448056933,0.715779184633356,0.2556354230833414,0.0,0,2025-08-26
239,19.11658033903805,19.046820933093567,0.06975940594448399,0.024914073551601426,0.0,0,2025-08-27
240,15.886551418648043,18.94940926049248,-3.0628578418444365,-1.0938778006587273,0.0,0,2025-08-28
241,16.41161591448753,18.849938327946973,-2.4383224134594412,-0.8708294333783719,0.33404278854365554,1,2025-08-29
242,17.385444517309462,18.748437610841115,-1.3629930935316519,-0.4867832476898757,0.426037524546706,1,2025-08-30
243,17.244650574210265,18.64493718602796,-1.400286611817695,-0.5001023613634625,1.8708965523180858,1,2025-08-31
244,21.463647942431237,18.53946772291709,2.924180219514146,1.0443500783979094,0.0,0,2025-09-01
245,21.828375016707668,18.43206047438665,3.3963145423210177,1.2129694794003636,0.0,0,2025-09-02
246,20.977176069061045,18.322747267522413,2.6544288015386313,0.9480102862637969,0.0,0,2025-09-03
247,18.78532469353806,18.21156049418675,0.5737641993513105,0.2049157854826109,0.0,0,2025-09-04
248,15.380880425334936,18.0985331014202,-2.717652676085266,-0.9705902414590237,0.0,0,2025-09-05
249,14.999682950914742,17.983698581678578,-2.9840156307638344,-1.065719868129941,0.0,0,2025-09-06
250,14.603179394812269,17.867090962908414,-3.2639115680961437,-1.16568270289148,0.0,0,2025-09-07
251,8.731297252671801,17.748744798463743,-9.017447545791942,-3.2205169806399794,60.0,1,2025-09-08
252,10.217081917498982,17.628695156867217,-7.411613239368235,-2.6470047283457983,60.0,1,2025-09-09
253,10.101544906651714,17.50697761141852,-7.405432704766806,-2.644797394559574,60.0,1,2025-09-10
254,18.42606829453478,17.383628229653247,1.0424400648815306,0.37230002317197525,8.746220182960457,1,2025-09-11
255,15.952233889037728,17.258683562655314,-1.306449673617586,-0.46658916914913784,0.0,0,2025-09-12
256,17.18439229493321,17.13218063422608,0.0522116607071309,0.01864702168111818,0.0,0,2025-09-13
257,13.078897759875405,17.0041569299134,-3.9252591700379944,-1.4018782750135694,0.0,0,2025-09-14
258,10.46334156133647,16.874650385903834,-6.411308824567364,-2.2897531516312015,0.0,0,2025-09-15
259,12.687434952771493,16.74369937778135,-4.056264425009858,-1.4486658660749494,0.0,0,2025-09-16
260,13.241478222977184,16.611342709155814,-3.369864486178629,-1.203523030778082,0.0,0,2025-09-17
261,13.227375292407803,16.477619600164626,-3.250244307756824,-1.16080153848458,0.0,0,2025-09-18
262,16.403936634927547,16.342569675850967,0.061366959076581296,0.021916771098779035,0.0,0,2025-09-19
263,15.893550772460658,16.20623295442202,-0.3126821819613621,-0.11167220784334361,0.0,0,2025-09-20
264,19.383673344611182,16.06864983539074,3.3150235092204423,1.1839369675787295,0.0,0,2025-09-21
265,18.394300013295737,15.929861087604577,2.464438925691162,0.880156759175415,1.7006836027272672,1,2025-09-22
266,20.907667075831625,15.789907837164806,5.117759238666818,1.827771156666721,0.0,0,2025-09-23
267,20.651886086287647,15.648831555239976,5.00305453104767,1.7868051896598824,0.0,0,2025-09-24
268,20.924070413132142,15.506674045777093,5.417396367355049,1.9347844169125175,0.0,0,2025-09-25
269,20.092094477425455,15.363477433114221,4.728617044311232,1.6887918015397259,1.0665767296939017,1,2025-09-26
270,14.4083153072975,15.21928414949813,-0.8109688422006309,-0.2896317293573682,1.5720913117085518,1,2025-09-27
271,12.04638115449491,15.0741369225107,-3.0277557680157914,-1.0813413457199255,0.0,0,2025-09-28
272,13.34338366131243,14.928078762407822,-1.5846951010953918,-0.5659625361054971,0.0,0,2025-09-29
273,15.558310216751842,14.781152949374526,0.7771572673773162,0.2775561669204701,0.0,0,2025-09-30
274,16.585991786632174,14.633403020700136,1.9525887659320378,0.6973531306900136,7.103599926619069,1,2025-10-01
275,16.32377645227059,14.48487275787722,1.838903694393369,0.6567513194262032,9.370163039415988,1,2025-10-02
276,18.699159705216456,14.335606173628198,4.3635535315882565,1.5584119755672345,2.8898726852808614,1,2025-10-03
277,17.01449663321873,14.185647498863421,2.828849134355309,1.0103032622697532,0.0,0,2025-10-04
278,13.350699297507223,14.035041169574594,-0.6843418720673708,-0.24440781145263246,8.078849418669853,1,2025-10-05
279,16.26797600005044,13.883831813667436,2.3841441863830015,0.8514800665653577,8.769283120683161,1,2025-10-06
280,18.819879624615083,13.73206423773747,5.0878153868776135,1.817076923884862,0.0,0,2025-10-07
281,14.786610924937353,13.579783413792853,1.2068275111444993,0.43100982540874977,4.82764640568483,1,2025-10-08
282,14.628091966300028,13.427034465928212,1.2010575003718151,0.4289491072756483,0.0,0,2025-10-09
283,11.777421660909518,13.273862656953387,-1.4964409960438685,-0.5344432128728102,0.0,0,2025-10-10
284,12.2761828822702,13.120313374981102,-0.844130492710901,-0.30147517596817897,0.0,0,2025-10-11
285,13.549707092557249,12.966432119977467,0.5832749725797807,0.20831249020706455,0.0,0,2025-10-12
286,14.40635886586913,12.81226449027937,1.5940943755897607,0.569319419853486,0.0,0,2025-10-13
287,15.166644266140672,12.6578561690827,2.5087880970579706,0.8959957489492753,0.0,0,2025-10-14
288,13.666608597745837,12.503252910905431,1.1633556868404065,0.41548417387157377,2.0629784725713955,1,2025-10-15
289,15.598777247381042,12.34850052802957,3.250276719351472,1.1608131140540972,0.0,0,2025-10-16
290,14.426705060379682,12.193644876926001,2.2330601834536807,0.7975214940906004,0.0,0,2025-10-17
291,14.075951147221872,12.038731844666199,2.037219302555674,0.7275783223413123,1.0913559148193512,1,2025-10-18
292,10.064417545815692,11.88380733532492,-1.8193897895092281,-0.6497820676818672,5.450244605118869,1,2025-10-19
293,11.206758827207231,11.728917256377827,-0.5221584291705957,-0.18648515327521278,0.0,0,2025-10-20
294,11.249604233856699,11.574107505098114,-0.3245032712414152,-0.11589402544336258,0.0,0,2025-10-21
295,11.350834853803176,11.419423954956153,-0.06858910115297603,-0.0244961075546343,8.194348297705911,1,2025-10-22
296,11.789001404248202,11.264912442026198,0.5240889622220041,0.18717462936500145,5.948212684208506,1,2025-10-23
297,13.15464397091593,11.110618751404157,2.044025219511773,0.7300090069684905,0.0,0,2025-10-24
298,10.460815233730148,10.956588603640496,-0.4957733699103477,-0.1770619178251242,2.2870669367122867,1,2025-10-25
299,10.938182724666987,10.802867641192236,0.13531508347475052,0.04832681552669662,5.747306171490002,1,2025-10-26
300,12.02822415826717,10.649501414898127,1.3787227433690423,0.492400979774658,4.495636098096158,1,2025-10-27
301,9.573289847724896,10.496535370480927,-0.9232455227560313,-0.3297305438414398,2.592875516737258,1,2025-10-28
302,9.980972516462467,10.34401483508088,-0.3630423186184127,-0.1296579709351474,7.272522392689201,1,2025-10-29
303,8.65303403852944,10.191985003824284,-1.5389509652948439,-0.5496253447481586,3.5044484681776855,1,2025-10-30
304,11.394687745433469,10.040490926431215,1.3541968190022553,0.4836417210722341,8.134366260264862,1,2025-10-31
305,11.58551557756704,9.889577493866312,1.6959380837007276,0.6056921727502599,0.0,0,2025-11-01
306,13.283382134978616,9.739289425036626,3.5440927099419905,1.2657473964078538,0.0,0,2025-11-02
307,11.58973226861241,9.589671253540432,2.000061015071978,0.7143075053828494,0.0,0,2025-11-03
308,9.96371738066559,9.44076731447097,0.522950066194621,0.18676788078379325,0.0,0,2025-11-04
309,8.704842591287493,9.292621731278993,-0.5877791399915002,-0.20992112142553582,0.0,0,2025-11-05
310,9.4920648763473,9.145278402698045,0.3467864736492551,0.1238523120175911,0.0,0,2025-11-06
311,7.888870270991061,8.998780989736318,-1.1099107187452562,-0.39639668526616295,2.156933273667934,1,2025-11-07
312,9.041195788019671,8.853172902738944,0.18802288528072686,0.06715103045740245,2.2737283220186972,1,2025-11-08
313,8.682045430181018,8.70849728852458,-0.026451858343561035,-0.009447092265557512,5.762775285635291,1,2025-11-09
314,6.790192625539959,8.564797017600071,-1.7746043920601124,-0.6337872828786116,2.854866921685113,1,2025-11-10
315,9.846415339919144,8.422114671456995,1.4243006684621482,0.508678810165053,5.7725920924770895,1,2025-11-11
316,9.139917034892855,8.280492529953863,0.8594245049389918,0.3069373231924971,0.38479580499018096,1,2025-11-12
317,8.690939505857887,8.13997255878765,0.5509669470702375,0.19677390966794198,0.5239643264121974,1,2025-11-13
318,6.524841211248045,8.00059639705848,-1.4757551858104347,-0.5270554235037267,3.075782741472444,1,2025-11-14
319,5.62448835024717,7.862405344931064,-2.2379169946838937,-0.7992560695299621,8.038420160636646,1,2025-11-15
320,6.4152054421504605,7.725440351396551,-1.3102349092460905,-0.46794103901646095,1.03187195486739,1,2025-11-16
321,8.743363344175636,7.589742002138467,1.1536213420371686,0.4120076221561317,3.7868708944049474,1,2025-11-17
322,7.608487069138562,7.455350507506316,0.15313656163224565,0.05469162915437345,5.430323969150491,1,2025-11-18
323,7.6027035053638095,7.322305690600361,0.2803978147634481,0.10014207670123147,9.590278235881756,1,2025-11-19
324,10.143185255844866,7.190646975471193,2.9525382803736724,1.0544779572763117,2.13281129479644,1,2025-11-20
325,8.530420492621158,7.06041337543753,1.470007117183628,0.5250025418512957,1.3111608216096657,1,2025-11-21
326,10.158933277628705,6.931643481525732,3.227289796102972,1.1526034986082043,0.35320550985299176,1,2025-11-22
327,13.591451781115266,6.8043754510344545,6.7870763300808115,2.4239558321717185,2.0832936628698246,1,2025-11-23
328,13.955352537625199,6.678646996227797,7.276705541397403,2.59882340764193,0.0,0,2025-11-24
329,11.71354917682642,6.554495373160361,5.15905380366606,1.8425192155950216,0.0,0,2025-11-25
330,11.363642131743973,6.4319573706374715,4.931684761106502,1.7613159861094652,0.0,0,2025-11-26
331,7.478779547111104,6.3110692993138615,1.1677102477972428,0.417039374213301,3.2093271777068497,1,2025-11-27
332,4.283618174918715,6.191866980934049,-1.9082488060153335,-0.681517430719762,0.0,0,2025-11-28
333,6.087056081910957,6.074385737717561,0.012670344193395522,0.004525122926212687,0.0,0,2025-11-29
334,3.9220339880518713,5.958660381892218,-2.036626393840347,-0.7273665692286955,0.0,0,2025-11-30
335,1.618603489518641,5.844725205378505,-4.226121715859864,-1.5093291842356658,0.0,0,2025-12-01
336,0.24934841552122755,5.732613969628151,-5.483265554106923,-1.9583091264667585,0.0,0,2025-12-02
337,-0.8308309947372194,5.622359895619864,-6.453190890357083,-2.304711032270387,0.0,0,2025-12-03
338,0.7108362436500348,5.513995654015252,-4.803159410365217,-1.7154140751304348,0.0,0,2025-12-04
339,4.935543419148319,5.4075533554777895,-0.4720099363294712,-0.16857497726052545,0.0,0,2025-12-05
340,5.080455985491928,5.303064541157754,-0.22260855566582677,-0.07950305559493814,0.0,0,2025-12-06
341,5.146848575234842,5.2005601733458775,-0.053711598111035555,-0.01918271361108413,0.0,0,2025-12-07
342,3.329818940602509,5.100070626298569,-1.7702516856960597,-0.63223274489145,0.0,0,2025-12-08
343,-0.5453258940660293,5.0016256772373575,-5.546951571303387,-1.9810541326083526,0.0,0,2025-12-09
344,0.41820344034159884,4.905254497525271,-4.487051057183672,-1.6025182347084543,1.17824848973956,1,2025-12-10
345,2.1188168761077915,4.810985644022716,-2.692168767914924,-0.9614888456839016,0.0,0,2025-12-11
346,4.367750857025092,4.718847050625474,-0.351096193600382,-0.12539149771442215,0.0,0,2025-12-12
347,3.4264226017645996,4.628866019987279,-1.2024434182226793,-0.4294440779366712,0.0,0,2025-12-13
348,4.162031855639171,4.541069215429466,-0.3790373597902948,-0.135370485639391,3.975697177987329,1,2025-12-14
349,3.0476548317636842,4.455482653040031,-1.4078278212763464,-0.5027956504558381,4.340879127272907,1,2025-12-15
350,3.095047491912945,4.37213169396452,-1.277084202051575,-0.45610150073270533,0.0,0,2025-12-16
351,2.757918890370841,4.2910410368909675,-1.5331221465201263,-0.547543623757188,0.0,0,2025-12-17
352,6.7547868384965355,4.212234710731146,2.542552127765389,0.9080543313447819,0.0,0,2025-12-18
353,7.015935580767101,4.135736067500273,2.880199513266828,1.0286426833095814,2.751484102101549,1,2025-12-19
354,5.394068095372184,4.061567775397317,1.3325003199748666,0.47589297141959525,0.0,0,2025-12-20
355,3.129559151360013,3.98975181208791,-0.8601926607278969,-0.3072116645456775,0.0,0,2025-12-21
356,4.403569854946679,3.9203094581918965,0.4832603967547824,0.17259299884099372,0.0,0,2025-12-22
357,2.7349843446279287,3.8532612909774233,-1.1182769463494948,-0.39938462369624816,0.0,0,2025-12-23
358,3.2556637696115667,3.7886271782634537,-0.5329634086518873,-0.1903440745185312,0.0,0,2025-12-24
359,7.2139111282479345,3.726426272532507,3.487484855715428,1.245530305612653,3.850671375680055,1,2025-12-25
360,6.735420639766492,3.6666770052553517,3.06874363451114,1.0959798694682643,10.579883113358761,1,2025-12-26
361,6.183280214354292,3.60939708142938,2.5738831329249123,0.9192439760446116,0.0,0,2025-12-27
362,3.6566201260211164,3.5546034743322235,0.10201665168889296,0.036434518460318914,0.0,0,2025-12-28
363,4.253534796856901,3.5023124204922063,0.7512223763646939,0.26829370584453355,0.0,0,2025-12-29
364,7.264436578834991,3.4525394148771156,3.811897163957876,1.36139184427067,0.9640157138776747,1,2025-12-30
365,4.725950060764069,3.405299206302704,1.3206508544613653,0.47166101945048766,0.0,0,2025-12-31
