t,psi_Ice Cream,psi_Coffee,psi_Tea
1,0.5186292839144019,1.207930966163287,1.207930966163287
2,0.4974354787689544,1.2243043686853656,1.2243043686853656
3,0.4621571779940497,1.2535979488189808,1.2535979488189808
4,0.5105866554256238,1.2143715211321713,1.2143715211321713
5,0.4201224920197265,1.2926868181184639,1.2926868181184639
6,0.4078516815177772,1.3051177517425294,1.3051177517425294
7,0.43962530835037406,1.2742590648260668,1.2742590648260668
8,0.5109836886137629,1.2144640772102075,1.2144640772102075
9,0.46504772988928755,1.2517090793391816,1.2517090793391816
10,0.4243735255005134,1.2889847881150456,1.2889847881150456
11,0.4147650872312312,1.2985303627822218,1.2985303627822218
12,0.41311403102422206,1.3002442046594764,1.3002442046594764
13,0.4434231089661096,1.271161907842967,1.271161907842967
14,0.533272673592283,1.1983158192112453,1.1983158192112453
15,0.8456805178782626,1.0339470907894097,1.0339470907894097
16,0.7475409943406848,1.0755913759230449,1.0755913759230449
17,0.9285542720371444,1.0034951335928834,1.0034951335928834
18,0.8524398649455017,1.0313384370075016,1.0313384370075016
19,0.6083425686203658,1.1489022753675124,1.1489022753675124
20,0.6720918107220345,1.1128258019883857,1.1128258019883857
21,0.8429882626979728,1.0349805520521695,1.0349805520521695
22,0.545944341116732,1.1893105061524039,1.1893105061524039
23,0.42784572585999103,1.2857466636605095,1.2857466636605095
24,0.39426701371358225,1.3197627571205452,1.3197627571205452
25,0.4490986668064398,1.265837267160079,1.265837267160079
26,0.4135934360677,1.299568115605303,1.299568115605303
27,0.4965518706704929,1.2256493689990335,1.2256493689990335
28,0.6369936494582226,1.131673010446006,1.131673010446006
29,0.5417228106453537,1.1917954957975967,1.1917954957975967
30,0.42903046682266976,1.2840366381635413,1.2840366381635413
31,0.3626023520127649,1.3549273321245388,1.3549273321245388
32,0.4298857085412134,1.2829744728296546,1.2829744728296546
33,0.42985026761093315,1.2828729770706047,1.2828729770706047
34,0.5887126798591669,1.1599179821913967,1.1599179821913967
35,0.6615932693799134,1.1172631135396611,1.1172631135396611
36,0.5415856985885125,1.1910127097555765,1.1910127097555765
37,0.4797445323793884,1.2379669264059334,1.2379669264059334
38,0.4625673834270548,1.2523210819625368,1.2523210819625368
39,0.5388124709779228,1.1924720040251837,1.1924720040251837
40,0.6207440873948445,1.1394882992796285,1.1394882992796285
41,0.7337362268836572,1.0799407146132178,1.0799407146132178
42,0.7684075036247257,1.0639258364994515,1.0639258364994515
43,0.6004290055926667,1.1511133220338556,1.1511133220338556
44,0.6452210027862124,1.1247122988233103,1.1247122988233103
45,0.7653547321193422,1.0647107853603068,1.0647107853603068
46,0.595532457337343,1.1534926443294367,1.1534926443294367
47,0.8019412935279403,1.0485111393337403,1.0485111393337403
48,0.7317606319902769,1.0794735008074212,1.0794735008074212
49,0.6660575447091657,1.1122311422102797,1.1122311422102797
50,0.541607168924604,1.1880805599880453,1.1880805599880453
51,0.6348625699158589,1.1289399909855167,1.1289399909855167
52,0.5232125684104254,1.2007490057664527,1.2007490057664527
53,0.4087013612011228,1.2992048208312477,1.2992048208312477
54,0.41129737698519103,1.2962640028279926,1.2962640028279926
55,0.4923029881213224,1.223495181248942,1.223495181248942
56,0.5328552152571725,1.1925937500728951,1.1925937500728951
57,0.665701871607647,1.110315343713269,1.110315343713269
58,0.6386204218653962,1.1248747356109552,1.1248747356109552
59,0.7828296214207021,1.0536392984930354,1.0536392984930354
60,0.6563652038718889,1.1144489839333418,1.1144489839333418
61,0.5998708285088059,1.1466933140481923,1.1466933140481923
62,0.505145078093286,1.2111817686268826,1.2111817686268826
63,0.4962047511349759,1.2177706219033033,1.2177706219033033
64,0.6044182293478011,1.1429343411001804,1.1429343411001804
65,0.7029748451228688,1.0886762032960422,1.0886762032960422
66,0.7375428671619781,1.0717551651221238,1.0717551651221238
67,0.6431372014499278,1.1194284106657768,1.1194284106657768
68,0.6432838829876403,1.1189961059727227,1.1189961059727227
69,0.7382230124838839,1.0704326664802328,1.0704326664802328
70,0.5538256095363217,1.1731674525090856,1.1731674525090856
71,0.7823474750862986,1.0500489955389452,1.0500489955389452
72,0.9534988770398557,0.985306213029651,0.985306213029651
73,1.1443872302175668,0.9291048162892027,0.9291048162892027
74,1.2189360244093854,0.9102208698071803,0.9102208698071803
75,1.0261267418589703,0.9614511609339662,0.9614511609339662
76,0.9314046533793611,0.9913715123134947,0.9913715123134947
77,1.1513297770720625,0.9260284548926822,0.9260284548926822
78,1.0142155637105439,0.9640342847929165,0.9640342847929165
79,0.9862918996610563,0.9723369180105849,0.9723369180105849
80,1.2110549645858082,0.910183454490003,0.910183454490003
81,1.1557888690191596,0.9235525798146416,0.9235525798146416
82,0.7839485616075386,1.0453234303184877,1.0453234303184877
83,0.8269969448719245,1.027211902049339,1.027211902049339
84,0.8352673155984182,1.0235625737113223,1.0235625737113223
85,0.6812841482443966,1.092117804922943,1.092117804922943
86,0.9531651089775796,0.9804726681582253,0.9804726681582253
87,0.5745436340954223,1.1524431422655765,1.1524431422655765
88,0.5371060181162866,1.177107470448529,1.177107470448529
89,0.7013509235657177,1.0803572009644542,1.0803572009644542
90,0.8264272625961666,1.024687753294286,1.024687753294286
91,0.5685876747954398,1.1544927415208621,1.1544927415208621
92,0.5182567499532219,1.1887770941727491,1.1887770941727491
93,0.40904059392416353,1.2817907055291147,1.2817907055291147
94,0.5022749009451519,1.1997971370529146,1.1997971370529146
95,0.7227845950992485,1.0674614459335654,1.0674614459335654
96,0.8734917937759988,1.004286075943193,1.004286075943193
97,0.8037138587008524,1.0309850135141148,1.0309850135141148
98,0.9796205606731847,0.9673201281387119,0.9673201281387119
99,0.9470137930508907,0.9774579782416769,0.9774579782416769
100,1.1243122110356951,0.9248496649726902,0.9248496649726902
101,0.8185449323695504,1.0233017960422361,1.0233017960422361
102,0.7700907234051336,1.0430518833671505,1.0430518833671505
103,0.780762602161777,1.0380418210513882,1.0380418210513882
104,1.2605005992460265,0.8901607958790856,0.8901607958790856
105,1.273098179807475,0.8869670605067534,0.8869670605067534
106,1.5142708378673837,0.8387238987640036,0.8387238987640036
107,1.4655112054527704,0.8472046736038765,0.8472046736038765
108,1.3965716789493834,0.8600134708282691,0.8600134708282691
109,1.115113477400529,0.9238553242388262,0.9238553242388262
110,0.9439933239400073,0.974039577763132,0.974039577763132
111,0.9208745782984799,0.9813934678604768,0.9813934678604768
112,0.9906561344548926,0.9583248672192376,0.9583248672192376
113,0.8774596356280596,0.9958555777181362,0.9958555777181362
114,0.7085627729196936,1.0659311605243746,1.0659311605243746
115,0.6425105088019517,1.0993854995272532,1.0993854995272532
116,0.561042257516469,1.14766432947361,1.14766432947361
117,0.7303915753272319,1.0543329932160377,1.0543329932160377
118,0.6750890845726832,1.0807934402439514,1.0807934402439514
119,0.7277339805328289,1.0547027949841603,1.0547027949841603
120,0.7771717228501397,1.032332381017768,1.032332381017768
121,0.7238034083128674,1.0556759372681055,1.0556759372681055
122,0.8661461349722868,0.9963339492450303,0.9963339492450303
123,0.9243930090182332,0.9754062970885651,0.9754062970885651
124,0.8118288588464515,1.0163829672781912,1.0163829672781912
125,0.8797353547191742,0.990194456821188,0.990194456821188
126,0.9716797886731549,0.9588125624610221,0.9588125624610221
127,0.978834565643672,0.9561874575675879,0.9561874575675879
128,0.9630463453534998,0.9607994820979178,0.9607994820979178
129,1.1758844597667468,0.9009776531212376,0.9009776531212376
130,0.7161653084512561,1.055500298394244,1.055500298394244
131,0.9931036716714855,0.950292603442166,0.950292603442166
132,1.210720727782058,0.8915705312315673,0.8915705312315673
133,1.1769924701514864,0.8993268588735366,0.8993268588735366
134,1.1448033961301973,0.9070012155110285,0.9070012155110285
135,1.3798423756476803,0.8540715287360044,0.8540715287360044
136,1.3602565984365613,0.8576701088220138,0.8576701088220138
137,1.4919868791444542,0.8323669061467794,0.8323669061467794
138,1.625586696748034,0.8095402906067191,0.8095402906067191
139,1.4544837881027168,0.838568346496205,0.838568346496205
140,1.356865488313308,0.8571141524701192,0.8571141524701192
141,1.1027065260136442,0.9156088334066343,0.9156088334066343
142,1.1792087249420669,0.8958524394147372,0.8958524394147372
143,0.8006310950234172,1.0136712531764234,1.0136712531764234
144,0.9633163702329125,0.9550831604958474,0.9550831604958474
145,1.0169940135157962,0.9383370325758966,0.9383370325758966
146,1.195164213323228,0.8907979664390758,0.8907979664390758
147,1.4993984818028518,0.8281704457998764,0.8281704457998764
148,1.3435371562880205,0.8574964446595265,0.8574964446595265
149,1.5617491568423127,0.8169163435073106,0.8169163435073106
150,1.6845642395255938,0.7971134016521042,0.7971134016521042
151,1.3957419978556953,0.8462982506697784,0.8462982506697784
152,1.0663302610848082,0.9221524897941336,0.9221524897941336
153,1.556987512802621,0.8167063974400877,0.8167063974400877
154,1.2235251206480215,0.8819263256315577,0.8819263256315577
155,1.4182302346508977,0.8409745964335603,0.8409745964335603
156,1.4955178049242803,0.8265785583166465,0.8265785583166465
157,2.100280334586403,0.7412531846396573,0.7412531846396573
158,1.505352049734749,0.8243872124002379,0.8243872124002379
159,1.47708958760007,0.8291778534167504,0.8291778534167504
160,1.66827456046764,0.7972913894375607,0.7972913894375607
161,1.6303024224657088,0.8029787507095535,0.8029787507095535
162,1.2241108444509659,0.8798666035169399,0.8798666035169399
163,1.4038193963822405,0.8419221413072521,0.8419221413072521
164,1.8355872586250215,0.7724992284926038,0.7724992284926038
165,1.6070533561420817,0.8058856506133506,0.8058856506133506
166,2.2551220887704466,0.7229167639415268,0.7229167639415268
167,1.2509876890525307,0.8727380576886214,0.8727380576886214
168,1.4620254040696754,0.8300879074237478,0.8300879074237478
169,1.4943591845833282,0.8241219261242835,0.8241219261242835
170,1.259846008989323,0.8702129565923548,0.8702129565923548
171,0.8728835598402667,0.9784392477925904,0.9784392477925904
172,1.5205182393481773,0.8190643545294614,0.8190643545294614
173,1.35739301670807,0.8491956356868647,0.8491956356868647
174,1.4669460044889575,0.8282128962832442,0.8282128962832442
175,1.1955753590778109,0.8840842005846477,0.8840842005846477
176,1.1275664569049118,0.900656774751362,0.900656774751362
177,1.1180099815307165,0.9029663591482681,0.9029663591482681
178,1.2167566863033812,0.8787012047588368,0.8787012047588368
179,1.4985350333266998,0.821917280321986,0.821917280321986
180,1.333750324009107,0.8530130133048354,0.8530130133048354
181,1.9015588285044858,0.7613866898749772,0.7613866898749772
182,1.7366389831553213,0.7837132194909789,0.7837132194909789
183,1.7596794402782403,0.780319124277153,0.780319124277153
184,1.2855963959607812,0.8626750217682274,0.8626750217682274
185,1.2418470008621048,0.8721910242878261,0.8721910242878261
186,1.4886785389472308,0.8229487398521921,0.8229487398521921
187,1.2874512660683761,0.8620131752422582,0.8620131752422582
188,1.7103733854345844,0.7870464262244619,0.7870464262244619
189,1.839027793836665,0.7689284104122664,0.7689284104122664
190,2.154685278323446,0.7308682179884141,0.7308682179884141
191,1.8294376496966631,0.7701069801404868,0.7701069801404868
192,1.5672275458837965,0.8091411309001467,0.8091411309001467
193,1.7522047849040003,0.7807217527151838,0.7807217527151838
194,1.9244335951799765,0.7576113356422054,0.7576113356422054
195,2.1660538490358436,0.7294445433867427,0.7294445433867427
196,2.1592581086633813,0.730155054242057,0.730155054242057
197,2.2403183752386044,0.721576920614023,0.721576920614023
198,1.8270935227154768,0.7702125361267878,0.7702125361267878
199,1.7426122315308632,0.7819611145797851,0.7819611145797851
200,1.4332160718786822,0.8324307620645452,0.8324307620645452
201,1.1511812635031167,0.8929012101398098,0.8929012101398098
202,1.1797640690143725,0.8859303484019401,0.8859303484019401
203,1.1879538156112848,0.8839870298473361,0.8839870298473361
204,1.4920384030679985,0.8218318235050868,0.8218318235050868
205,1.3283415965129632,0.8529966241454653,0.8529966241454653
206,0.7657880320371958,1.0174396488018753,1.0174396488018753
207,0.6450685836397397,1.0749036822063016,1.0749036822063016
208,0.9465985559093367,0.9508094032173109,0.9508094032173109
209,1.228331003067863,0.8748060209921621,0.8748060209921621
210,1.7334459850629174,0.7835570216660247,0.7835570216660247
211,1.7731677434887045,0.7779545373992466,0.7779545373992466
212,1.2579760236327682,0.8683489679110372,0.8683489679110372
213,1.374974197391188,0.8440603582197477,0.8440603582197477
214,1.6596473849923128,0.7948112709315873,0.7948112709315873
215,1.4494489786988267,0.8300962736802943,0.8300962736802943
216,1.9147094130886098,0.7594300733000038,0.7594300733000038
217,2.4756370516445214,0.6995699697240552,0.6995699697240552
218,2.065561619823163,0.7413990364726908,0.7413990364726908
219,1.6703804847132668,0.7936325563414739,0.7936325563414739
220,1.9327706228100725,0.7575334381711227,0.7575334381711227
221,1.4507303457208105,0.830488794272107,0.830488794272107
222,1.5329914927702393,0.8160818156351441,0.8160818156351441
223,1.6290841947780712,0.800483268427599,0.800483268427599
224,1.5125173858694911,0.8198618672515607,0.8198618672515607
225,1.258849106966697,0.8696143122349199,0.8696143122349199
226,1.3825323133846186,0.844069906750056,0.844069906750056
227,1.6384251867003858,0.7995709959666076,0.7995709959666076
228,2.108117484567509,0.7377496456533018,0.7377496456533018
229,2.0057037294017896,0.7497466178173158,0.7497466178173158
230,1.745124103075202,0.7840481103584219,0.7840481103584219
231,1.9642799606053656,0.7550782914448805,0.7550782914448805
232,1.8743077463122115,0.7666560605935674,0.7666560605935674
233,1.4846482243537822,0.8262002955546541,0.8262002955546541
234,1.0182306722888057,0.9323778305851507,0.9323778305851507
235,1.022759619893434,0.9312699174237238,0.9312699174237238
236,1.0778204961575955,0.9159909971791459,0.9159909971791459
237,1.3565458461442959,0.8512017250224457,0.8512017250224457
238,1.430194933044406,0.8371301757945891,0.8371301757945891
239,1.342193326288895,0.8545334043351122,0.8545334043351122
240,1.0086917381075104,0.9365694215144234,0.9365694215144234
241,1.0600727046031653,0.9220415094217498,0.9220415094217498
242,1.1596824525506266,0.896162824505964,0.896162824505964
243,1.1485398218442506,0.8991839760740709,0.8991839760740709
244,1.6789341697624849,0.7965383126464572,0.7965383126464572
245,1.739765342108997,0.7877434809796824,0.7877434809796824
246,1.617416613663394,0.8065762383138072,0.8065762383138072
247,1.3341065555206093,0.8580967026451782,0.8580967026451782
248,0.9875561576793136,0.945079453915899,0.945079453915899
249,0.9576030046542856,0.9547325515511336,0.9547325515511336
250,0.9273365588625918,0.9648952610974022,0.9648952610974022
251,0.8607501689322725,0.9884905393519233,0.9884905393519233
252,0.9861870027363145,0.9466844821506994,0.9466844821506994
253,0.9794189949632552,0.9490809631310656,0.9490809631310656
254,1.3224843087194698,0.8624046188372062,0.8624046188372062
255,1.064126435598716,0.92483212955096,0.92483212955096
256,1.1921191569150817,0.8921234504745965,0.8921234504745965
257,0.8292592326424627,1.0023389674840026,1.0023389674840026
258,0.6589514130845396,1.079226034692675,1.079226034692675
259,0.8066735498498893,1.011937883706955,1.011937883706955
260,0.8507482948252023,0.9952085375802702,0.9952085375802702
261,0.8528849950931269,0.9947646792960008,0.9947646792960008
262,1.1368894288024614,0.907678145658366,0.907678145658366
263,1.090424454868197,0.9202143884925345,0.9202143884925345
264,1.4949032143156027,0.8321521880950101,0.8321521880950101
265,1.3738745384660582,0.8552569529429888,0.8552569529429888
266,1.7263093036866297,0.7952868554015369,0.7952868554015369
267,1.6940514355070064,0.8004028631283651,0.8004028631283651
268,1.7426908123126852,0.7934860007554985,0.7934860007554985
269,1.6244695059746292,0.8118352728136881,0.8118352728136881
270,0.9819288868693751,0.9541068156319977,0.9541068156319977
271,0.7984891476927346,1.0197756126647177,1.0197756126647177
272,0.9002210125244086,0.9817663297384681,0.9817663297384681
273,1.101624490278151,0.9207023921174543,0.9207023921174543
274,1.2125262321666868,0.8932231369682222,0.8932231369682222
275,1.1894353231723707,0.8990918879118345,0.8990918879118345
276,1.4766440708751993,0.8393010173343973,0.8393010173343973
277,1.2758092380958392,0.8798492053825967,0.8798492053825967
278,0.9237620014263243,0.9760113627277572,0.9760113627277572
279,1.2037366371155305,0.8970964722390454,0.8970964722390454
280,1.518245075352925,0.8332121322952767,0.8332121322952767
281,1.063677546497707,0.9340758609952609,0.9340758609952609
282,1.0532519251846921,0.937406420816952,0.937406420816952
283,0.8201023497475054,1.0159629273625255,1.0159629273625255
284,0.8611662637871365,1.0006118100673036,1.0006118100673036
285,0.9690639962391802,0.9639153428370212,0.9639153428370212
286,1.0506465657713606,0.939688901913808,0.939688901913808
287,1.129346074160844,0.9185956668661903,0.9185956668661903
288,0.992094314738411,0.9578800953811951,0.9578800953811951
289,1.1840467779741584,0.9055434270498415,0.9055434270498415
290,1.071063133828111,0.9354613234325485,0.9354613234325485
291,1.0425806541084994,0.9439543125230753,0.9439543125230753
292,0.7319019890979532,1.0575491266468406,1.0575491266468406
293,0.8140366048533836,1.0225835682337563,1.0225835682337563
294,0.8207286310371051,1.0203291398663505,1.0203291398663505
295,0.8317975783748855,1.0163836032809261,1.0163836032809261
296,0.8687578475531705,1.0027545572449694,1.0027545572449694
297,0.9856920324722952,0.9634379140648043,0.9634379140648043
298,0.7783398709052459,1.0395015662334062,1.0395015662334062
299,0.815756909348432,1.0244196506484564,1.0244196506484564
300,0.9030361320289041,0.99204031041357,0.99204031041357
301,0.7284228810374889,1.0630883718577702,1.0630883718577702
302,0.7586793345027208,1.0497602131849113,1.0497602131849113
303,0.6767464268236504,1.0893025186686964,1.0893025186686964
304,0.8681421283835394,1.0062622967828219,1.0062622967828219
305,0.886823138035737,0.9998323798316205,0.9998323798316205
306,1.0363654421920658,0.9515792394598817,0.9515792394598817
307,0.8946850872972317,0.9978101235752335,0.9978101235752335
308,0.7770364086698577,1.0442718712997758,1.0442718712997758
309,0.6973319937647544,1.0814979954609976,1.0814979954609976
310,0.7512215833901361,1.0564556029679517,1.0564556029679517
311,0.6537243571478887,1.1049443285443024,1.1049443285443024
312,0.7275439774411838,1.0681699641101048,1.0681699641101048
313,0.7074617957316472,1.0781964955678114,1.0781964955678114
314,0.5999323496146702,1.1370421534679405,1.1370421534679405
315,0.7913291062538501,1.0410228294825559,1.0410228294825559
316,0.7459241255110954,1.061295357462905,1.061295357462905
317,0.7194562379744583,1.0740386006941243,1.0740386006941243
318,0.5952734836013108,1.1415985661609585,1.1415985661609585
319,0.551435989625753,1.1703191567295668,1.1703191567295668
320,0.5940624453519987,1.1431812649219901,1.1431812649219901
321,0.7341247175408948,1.0686910535781984,1.0686910535781984
322,0.6658984072747126,1.1029697804512135,1.1029697804512135
323,0.6680541362699562,1.1022205843456547,1.1022205843456547
324,0.8412655560248354,1.024193769518973,1.024193769518973
325,0.7311216037322658,1.0716053486992718,1.0716053486992718
326,0.8486193768277881,1.0220509325088367,1.0220509325088367
327,1.157099080268556,0.9258262642161939,0.9258262642161939
328,1.1995536968663574,0.9155190361131114,0.9155190361131114
329,0.9853941916413027,0.9753090716723146,0.9753090716723146
330,0.958387816374524,0.9843423393923906,0.9843423393923906
331,0.679798042329518,1.0990509052836692,1.0990509052836692
332,0.512792853936038,1.2031949520785756,1.2031949520785756
333,0.6043800362920503,1.14191624600426,1.14191624600426
334,0.49977508694700945,1.2138908494352503,1.2138908494352503
335,0.40817859526969774,1.2955297446735916,1.2955297446735916
336,0.3623492712544262,1.3462587337390213,1.3462587337390213
337,0.3300586476990726,1.387483507279294,1.387483507279294
338,0.3799244203209501,1.3267814110229357,1.3267814110229357
339,0.5556715078214162,1.175124705366479,1.175124705366479
340,0.5645674480424153,1.1694932017951993,1.1694932017951993
341,0.5695666388459276,1.166517414938914,1.166517414938914
342,0.48564225559406204,1.2278931875741312,1.2278931875741312
343,0.3445539996604347,1.3707982325914214,1.3707982325914214
344,0.37652914353041594,1.3327599355680397,1.3327599355680397
345,0.43943592840537193,1.2687909560528168,1.2687909560528168
346,0.5385528144437002,1.189132655415648,1.189132655415648
347,0.4963957953119177,1.22085076644652,1.22085076644652
348,0.5314061575810319,1.1947932023409007,1.1947932023409007
349,0.4822390953965132,1.2327766383457361,1.2327766383457361
350,0.4854226269710591,1.230457149169276,1.230457149169276
351,0.4721061415162964,1.2417269977419814,1.2417269977419814
352,0.6760637545225731,1.1071692868878966,1.1071692868878966
353,0.6935057659007453,1.0984053736864168,1.0984053736864168
354,0.6012673149221286,1.1499605402557025,1.1499605402557025
355,0.4921948658644431,1.2262637073944944,1.2262637073944944
356,0.5525711334055116,1.1819087312608694,1.1819087312608694
357,0.47698754513487013,1.2390920201242999,1.2390920201242999
358,0.5005966337627649,1.2202941536637248,1.2202941536637248
359,0.7140607788391895,1.08937510228174,1.08937510228174
360,0.6853496390375393,1.103951513069192,1.103951513069192
361,0.6534360802292911,1.1210971300567911,1.1210971300567911
362,0.5222747833373453,1.204603152359921,1.204603152359921
363,0.5516771967282103,1.183840088541649,1.183840088541649
364,0.7228458117190052,1.085913624290339,1.085913624290339
365,0.5770196548401261,1.167249271909167,1.167249271909167
366,0.5107877365457223,1.1906606976956564,1.1906606976956564
367,0.5564307531661485,1.1586231496283004,1.1586231496283004
368,0.4902318959689059,1.2066771172593396,1.2066771172593396
369,0.32560429938036434,1.3756297487868328,1.3756297487868328
370,0.4397372086540288,1.2496269701683356,1.2496269701683356
371,0.4912958759575324,1.2061719405398996,1.2061719405398996
372,0.3874647755427021,1.30148293681166,1.30148293681166
373,0.4615088212779717,1.2307388870615505,1.2307388870615505
374,0.39176369005215966,1.297070175691312,1.297070175691312
375,0.33658598532444356,1.3617115251833942,1.3617115251833942
376,0.5946447283639114,1.1350499846506454,1.1350499846506454
377,0.6605287983227379,1.0975657520698088,1.0975657520698088
378,0.4512040204921177,1.2399723069227049,1.2399723069227049
379,0.40649319040960086,1.282113963688998,1.282113963688998
380,0.5242423119533116,1.1819052923277764,1.1819052923277764
381,0.694162002218955,1.080367840400823,1.080367840400823
382,0.5534597737995253,1.1615948146865098,1.1615948146865098
383,0.47249201184849754,1.2219008691278685,1.2219008691278685
384,0.39464297658639397,1.294355921311288,1.294355921311288
385,0.4213714099054523,1.267477092374632,1.267477092374632
386,0.5752690789581505,1.1472681792822854,1.1472681792822854
387,0.4565735388381441,1.2352870746309643,1.2352870746309643
388,0.28142165016904225,1.4421203577968418,1.4421203577968418
389,0.22714727502785742,1.5443971822371239,1.5443971822371239
390,0.2316867752274708,1.534572616354416,1.534572616354416
391,0.34535321752089704,1.3504760590428628,1.3504760590428628
392,0.43226942667641705,1.2567881543471038,1.2567881543471038
393,0.48787356477782867,1.2089670361587952,1.2089670361587952
394,0.49276323193861027,1.2050214140917859,1.2050214140917859
395,0.4251966346558017,1.2631457837902456,1.2631457837902456
396,0.338744340340615,1.3583239106444693,1.3583239106444693
397,0.3145469955167333,1.3907856610882618,1.3907856610882618
398,0.3996528164940355,1.2880574699001937,1.2880574699001937
399,0.4578259854145048,1.233107177536758,1.233107177536758
400,0.5446840655103667,1.1662909651042057,1.1662909651042057
401,0.43676574950493113,1.2515233370163674,1.2515233370163674
402,0.5151943522896977,1.1869436546692742,1.1869436546692742
403,0.5653902822159844,1.1519903074556939,1.1519903074556939
404,0.43344508950007776,1.2540588817059937,1.2540588817059937
405,0.4171557718791597,1.2693314981138302,1.2693314981138302
406,0.3809373180721467,1.306556443907654,1.306556443907654
407,0.4279149474433169,1.2586207294785081,1.2586207294785081
408,0.7250792341781674,1.0629946115067321,1.0629946115067321
409,0.763894755362946,1.0452159628642372,1.0452159628642372
410,0.7772753155880275,1.0392316866910407,1.0392316866910407
411,0.8344758512161654,1.0156890292471399,1.0156890292471399
412,0.6438720423483733,1.1033452039322384,1.1033452039322384
413,0.6710225883238493,1.088636256082317,1.088636256082317
414,0.6641749067407091,1.0919858816917525,1.0919858816917525
415,0.6370620084203166,1.1064081164790611,1.1064081164790611
416,0.6002401626636131,1.1274387370992114,1.1274387370992114
417,0.6932863139038626,1.0763804688619132,1.0763804688619132
418,0.6424567476179419,1.1026714343976198,1.1026714343976198
419,0.4891915573440495,1.2028700083283992,1.2028700083283992
420,0.6597962988642865,1.0927834124722484,1.0927834124722484
421,0.7376953833783607,1.0541815685336595,1.0541815685336595
422,0.7550142410932792,1.0461135430221697,1.0461135430221697
423,0.9311421444543897,0.9779695767003131,0.9779695767003131
424,0.4971493734798448,1.1951386014976868,1.1951386014976868
425,0.3713488044587797,1.3117320164258062,1.3117320164258062
426,0.5212432813921066,1.1765256708022152,1.1765256708022152
427,0.6132676551696569,1.116562572418975,1.116562572418975
428,0.6108790679812635,1.1176347804668303,1.1176347804668303
429,0.5735931887784923,1.1400519030163154,1.1400519030163154
430,0.46649101194344883,1.2176380513535388,1.2176380513535388
431,0.44354708020246963,1.2370732010271401,1.2370732010271401
432,0.395303221090955,1.283111430852852,1.283111430852852
433,0.2919982674625037,1.4132674024673286,1.4132674024673286
434,0.3503919194577304,1.3327560819453055,1.3327560819453055
435,0.35595914319693384,1.3256226860097549,1.3256226860097549
436,0.29916995900043325,1.4009812046049315,1.4009812046049315
437,0.343815959583949,1.3395469826287933,1.3395469826287933
438,0.44626721224890753,1.231873970725488,1.231873970725488
439,0.46632251324338375,1.2142542670289445,1.2142542670289445
440,0.6889057260012659,1.0713441827545682,1.0713441827545682
441,0.6878579084002108,1.071493964141592,1.071493964141592
442,0.7998619847192057,1.0206386952380215,1.0206386952380215
443,0.9273426642696958,0.9731188582835953,0.9731188582835953
444,0.8260819537983175,1.0094381672302415,1.0094381672302415
445,0.6896491066282527,1.0690769179896915,1.0690769179896915
446,0.6645823792650088,1.081423306448196,1.081423306448196
447,0.9831485172888286,0.9537030805124549,0.9537030805124549
448,0.6708746434592787,1.0773694380152494,1.0773694380152494
449,0.5150804504482656,1.171998706249926,1.171998706249926
450,0.5238422484947218,1.165249623871416,1.165249623871416
451,0.6221498432351559,1.102431202187983,1.102431202187983
452,0.5135296646124794,1.1717919274611857,1.1717919274611857
453,0.8813411898525312,0.9854119400670096,0.9854119400670096
454,0.8645125889197987,0.9911250834857781,0.9911250834857781
455,0.7137780396824192,1.053380830412596,1.053380830412596
456,0.6638462620485566,1.0776888347724145,1.0776888347724145
457,0.6485016049673706,1.085355172063346,1.085355172063346
458,0.6796805728329649,1.0687433248710212,1.0687433248710212
459,0.7297791237310051,1.044278734979602,1.044278734979602
460,0.8337465901276714,1.0003056913109778,1.0003056913109778
461,0.7557345431983765,1.031836055172537,1.031836055172537
462,1.1036313750576665,0.9137128366485708,0.9137128366485708
463,1.6698965528089802,0.7999755031544497,0.7999755031544497
464,1.4832532330209516,0.8305615385251435,0.8305615385251435
465,1.1687112152350083,0.8960190695168618,0.8960190695168618
466,1.3100884146012115,0.8635147297606153,0.8635147297606153
467,1.4060136727155217,0.8438616741652362,0.8438616741652362
468,0.8031178721824623,1.0090673609075487,1.0090673609075487
469,0.6740899292446557,1.0667953965146983,1.0667953965146983
470,0.8873182527280387,0.9765769867435036,0.9765769867435036
471,1.0417125046673683,0.9273281342195537,0.9273281342195537
472,0.8650803799599928,0.9837288332849552,0.9837288332849552
473,0.5572369064602332,1.1319345823148799,1.1319345823148799
474,0.5356200153467936,1.1458835675327133,1.1458835675327133
475,0.6462979810994708,1.078590928416658,1.078590928416658
476,1.1677103968058842,0.8922132546777019,0.8922132546777019
477,1.0242221702671679,0.9300591314882658,0.9300591314882658
478,0.8296927545790267,0.9944984534891721,0.9944984534891721
479,0.8092083467451737,1.0020733469817682,1.0020733469817682
480,1.057212655137936,0.9195351322386164,0.9195351322386164
481,0.8964349303994564,0.9689827826024947,0.9689827826024947
482,0.8098904494180189,1.0005708123036094,1.0005708123036094
483,1.0468718626322164,0.9212996770362772,0.9212996770362772
484,0.7796655360797182,1.011997123983208,1.011997123983208
485,0.9422472005145123,0.9520962028419676,0.9520962028419676
486,0.9879182481051795,0.9374046418050196,0.9374046418050196
487,1.1581168646756148,0.8905574482196805,0.8905574482196805
488,1.0315678584717192,0.9237809181654559,0.9237809181654559
489,0.7656001592187541,1.015860254688573,1.015860254688573
490,0.9208790620097054,0.9571872694077148,0.9571872694077148
491,0.6747594281219121,1.0569198685039933,1.0569198685039933
492,0.8318577446781209,0.9880590883078528,0.9880590883078528
493,0.7931450571135492,1.002849174194922,1.002849174194922
494,1.0535537439119098,0.9153963265263196,0.9153963265263196
495,1.2258411839650372,0.8717506167815713,0.8717506167815713
496,1.5342385617949366,0.8110329352274327,0.8110329352274327
497,1.5688982429308331,0.8049484154077141,0.8049484154077141
498,1.1193143041385925,0.8964562219301313,0.8964562219301313
499,0.9523927256580935,0.9436462485114361,0.9436462485114361
500,0.8158612435797444,0.991176645662997,0.991176645662997
501,0.8264717544267591,0.9867214713037392,0.9867214713037392
502,0.8938705903086831,0.9619230211135772,0.9619230211135772
503,0.9049456127629134,0.9577918092483736,0.9577918092483736
504,1.1843447390302382,0.8784578031017812,0.8784578031017812
505,1.4331285217549659,0.8261669098889487,0.8261669098889487
506,1.4021231999891461,0.8316760211874625,0.8316760211874625
507,1.3610029004513635,0.8393424788986956,0.8393424788986956
508,1.548807106700475,0.8050539199771882,0.8050539199771882
509,1.6560809266269776,0.7877161527999583,0.7877161527999583
510,1.7961231422931823,0.7672586418405781,0.7672586418405781
511,1.3443895459413802,0.8415048089214987,0.8415048089214987
512,1.440902019549881,0.8227706015008291,0.8227706015008291
513,1.375265736963015,0.8348666381932149,0.8348666381932149
514,1.5729468586546513,0.7994904828917674,0.7994904828917674
515,1.268537935071154,0.856185026987702,0.856185026987702
516,0.8731876481369909,0.9645733601588123,0.9645733601588123
517,1.2290240076898173,0.8643654134967235,0.8643654134967235
518,1.0672775490238375,0.9040179198135937,0.9040179198135937
519,1.051429345556844,0.9080868806559913,0.9080868806559913
520,1.0841986844994664,0.8989501174479417,0.8989501174479417
521,0.8979905453040168,0.9545508725414164,0.9545508725414164
522,1.2020201868016658,0.8692648801610676,0.8692648801610676
523,0.9821753722897665,0.9270508121580225,0.9270508121580225
524,1.0036453589077343,0.9204088627025704,0.9204088627025704
525,1.3922194467791564,0.828676112300314,0.828676112300314
526,1.4011152704696819,0.8267740387497623,0.8267740387497623
527,1.360148431708287,0.8344502606852539,0.8344502606852539
528,0.9548258539586557,0.9342527673660604,0.9342527673660604
529,1.1779362538687836,0.8733245988468367,0.8733245988468367
530,1.41834180627557,0.8227385147040495,0.8227385147040495
531,1.285689032707208,0.8488047751162033,0.8488047751162033
532,1.0292372367591374,0.9112310910014358,0.9112310910014358
533,1.1398855879845777,0.8817442924523454,0.8817442924523454
534,0.9127318331555748,0.9465331850217419,0.9465331850217419
535,0.9608248203626418,0.9309140511415256,0.9309140511415256
536,1.2166701283473838,0.8630047279485445,0.8630047279485445
537,1.063347521382494,0.9008404470952767,0.9008404470952767
538,1.1621052872982223,0.8754343759619343,0.8754343759619343
539,1.2194939692748419,0.8618776515357948,0.8618776515357948
540,1.0865088179209954,0.8941620085101061,0.8941620085101061
541,1.5696401521799854,0.7947259159509975,0.7947259159509975
542,1.089626242730165,0.89304629093103,0.89304629093103
543,1.3146426368268889,0.8408461709505709,0.8408461709505709
544,0.7265487547026009,1.0164017295535757,1.0164017295535757
545,0.7428674408201705,1.0090588252546513,1.0090588252546513
546,0.8490713063234616,0.966689213829819,0.966689213829819
547,1.9191766178274083,0.7445537322439352,0.7445537322439352
548,1.995811513915509,0.7351929645222512,0.7351929645222512
549,2.529287136580966,0.6814435841569009,0.6814435841569009
550,3.2643729837850266,0.6279514603103908,0.6279514603103908
551,3.210258874181962,0.6312550474179645,0.6312550474179645
552,2.679750226865578,0.6687536695385252,0.6687536695385252
553,2.918419531081937,0.6506849733391463,0.6506849733391463
554,1.8846889353575975,0.7483522407224223,0.7483522407224223
555,1.804397382621211,0.7587945566820747,0.7587945566820747
556,1.3873330631399658,0.8253220725310592,0.8253220725310592
557,1.4634015384857524,0.8112950268344404,0.8112950268344404
558,1.3866330798851003,0.8253617486873182,0.8253617486873182
559,1.6440305288591663,0.7815573302584622,0.7815573302584622
560,1.599914509137369,0.7883590745268534,0.7883590745268534
561,1.9923810894175822,0.7348894000308296,0.7348894000308296
562,1.7394023592239223,0.7675069795784185,0.7675069795784185
563,2.1761628904791017,0.7143998980448654,0.7143998980448654
564,2.323238525903276,0.699597072097682,0.699597072097682
565,1.611539013062112,0.7864649849075306,0.7864649849075306
566,1.7495712310882996,0.7660548708308632,0.7660548708308632
567,1.5525147325634951,0.7959232629898314,0.7959232629898314
568,1.9623378235245814,0.7384528027222959,0.7384528027222959
569,2.314382861374937,0.7004899184795813,0.7004899184795813
570,2.1947149751820585,0.7125150448745984,0.7125150448745984
571,3.054758324899344,0.6410020336843281,0.6410020336843281
572,2.581230600722676,0.6765306207489076,0.6765306207489076
573,1.689110788888228,0.7748979868856801,0.7748979868856801
574,1.887664715999162,0.7478686721180674,0.7478686721180674
575,1.7340983041932745,0.7685053916144379,0.7685053916144379
576,1.657096653332849,0.7798147623628997,0.7798147623628997
577,1.9841762225469293,0.7361941663006407,0.7361941663006407
578,2.22100539185795,0.7101669926740776,0.7101669926740776
579,2.62941960214514,0.6728875835302106,0.6728875835302106
580,2.6549187339325164,0.6708811792795871,0.6708811792795871
581,2.644695349932726,0.6717831427279176,0.6717831427279176
582,1.9552880720833112,0.740034811691995,0.740034811691995
583,2.437325685713933,0.6897321756590832,0.6897321756590832
584,2.3842543225575943,0.6946982107165637,0.6946982107165637
585,2.112319153747441,0.7222458530817367,0.7222458530817367
586,1.9003344111653742,0.747213154670012,0.747213154670012
587,1.5737953127525506,0.7938008870607985,0.7938008870607985
588,1.7307525570469775,0.7701363001760341,0.7701363001760341
589,1.6819080852753376,0.777350146566078,0.777350146566078
590,2.2747149736329275,0.7058789313138506,0.7058789313138506
591,2.153982736809985,0.7184318871582762,0.7184318871582762
592,1.7493453085845412,0.7680367029260611,0.7680367029260611
593,1.497027853789005,0.8074402355686788,0.8074402355686788
594,1.8950175343465934,0.7489145203972218,0.7489145203972218
595,2.4474439680352447,0.6901883928702414,0.6901883928702414
596,2.505993809380321,0.6851285571872576,0.6851285571872576
597,2.0539097047990325,0.7303183791334527,0.7303183791334527
598,1.7798285519149255,0.7647376497211625,0.7647376497211625
599,1.3370031746763007,0.8382410678472682,0.8382410678472682
600,1.580874706120844,0.794665819529529,0.794665819529529
601,1.7764962650273846,0.7657272272999076,0.7657272272999076
602,1.7863181931888323,0.7645630482168227,0.7645630482168227
603,2.4506249158313227,0.6911614100781431,0.6911614100781431
604,1.7790199429383389,0.765950328869165,0.765950328869165
605,2.1867454445617494,0.7171926808201873,0.7171926808201873
606,1.8483806147506738,0.7570302470872403,0.7570302470872403
607,1.239400598128605,0.8605503530487154,0.8605503530487154
608,1.2856301046635354,0.8507594202507679,0.8507594202507679
609,1.0756518592999837,0.9009715742505087,0.9009715742505087
610,1.2647658014929555,0.8557111626098005,0.8557111626098005
611,1.0215371486431892,0.9165068153305199,0.9165068153305199
612,0.9504642314922527,0.9381803878868531,0.9381803878868531
613,0.7859720692807236,0.9973013844214846,0.9973013844214846
614,0.7157882961822694,1.0279183531417544,1.0279183531417544
615,0.632205071586537,1.0699172346856922,1.0699172346856922
616,0.8392127754772349,0.9775134161795618,0.9775134161795618
617,0.6808537592529917,1.0454989414463292,1.0454989414463292
618,0.7130272038944827,1.0304996238897122,1.0304996238897122
619,0.8435738153240531,0.9768440908251034,0.9768440908251034
620,0.7984236027230237,0.9945226214267603,0.9945226214267603
621,0.8152548112741598,0.9882389575574355,0.9882389575574355
622,0.7059268343638818,1.035192255689959,1.035192255689959
623,0.7117580573266397,1.032827359733208,1.032827359733208
624,0.8459424084235175,0.9776349096382909,0.9776349096382909
625,0.9961620088899741,0.9281399127480606,0.9281399127480606
626,1.1633601954535968,0.8834975796542127,0.8834975796542127
627,0.9297648180763306,0.9495348682058724,0.9495348682058724
628,0.9814860872989299,0.9335665422822399,0.9335665422822399
629,1.4254441437714536,0.8287880459145489,0.8287880459145489
630,1.11573020472247,0.8967044739551023,0.8967044739551023
631,0.7740203104029189,1.0083924974173577,1.0083924974173577
632,0.564894795387507,1.1157428682694497,1.1157428682694497
633,0.7792954523306512,1.0069634169751223,1.0069634169751223
634,0.7892293507665301,1.003273137043433,1.003273137043433
635,0.7410767694030244,1.0240825972418353,1.0240825972418353
636,0.9309560092096258,0.9523618204941273,0.9523618204941273
637,0.7850115288837779,1.0061625048418636,1.0061625048418636
638,0.8527020313801201,0.9802649683302306,0.9802649683302306
639,1.0987063756869413,0.9042480969496042,0.9042480969496042
640,0.97736306353441,0.939125969751342,0.939125969751342
641,1.283590128463959,0.8610297868643123,0.8610297868643123
642,1.1258342388281348,0.8982897807213199,0.8982897807213199
643,1.0757485646889,0.9118328950365547,0.9118328950365547
644,1.293541148415238,0.8599399842036521,0.8599399842036521
645,0.9925182912385644,0.9363910645647742,0.9363910645647742
646,1.048066988057302,0.9205883038269046,0.9205883038269046
647,1.0954475487931221,0.9080244431858444,0.9080244431858444
648,1.117035202933151,0.9027403269260914,0.9027403269260914
649,0.9613272959103288,0.9475524511550587,0.9475524511550587
650,0.7813159958458982,1.0129680109193544,1.0129680109193544
651,0.8712602237248613,0.9786592386142365,0.9786592386142365
652,0.8471686936313317,0.9878870214124706,0.9878870214124706
653,0.9726223999576195,0.9455718413984114,0.9455718413984114
654,0.9609403007033085,0.9496270292026802,0.9496270292026802
655,0.7111210763880276,1.0461002909503172,1.0461002909503172
656,1.210032592093653,0.8828351270215405,0.8828351270215405
657,1.1592177701150883,0.8954086346831455,0.8954086346831455
658,1.1206935194774685,0.9055192211842523,0.9055192211842523
659,1.328082310955186,0.8579871021890271,0.8579871021890271
660,1.0868904852272383,0.9151924884076446,0.9151924884076446
661,0.8164453718371122,1.0033539374483047,1.0033539374483047
662,0.6228403841987454,1.0945836767460517,1.0945836767460517
663,0.5491858805328227,1.1400337821139976,1.1400337821139976
664,0.7513792824178251,1.0316467037578083,1.0316467037578083
665,0.709162154663037,1.051344347490004,1.051344347490004
666,0.9508690109922454,0.957551390211805,0.957551390211805
667,0.9211990296703132,0.9677077943518039,0.9677077943518039
668,0.8789869419033008,0.9827409274920851,0.9827409274920851
669,0.6620260774974316,1.0764871146308244,1.0764871146308244
670,0.5597124248443964,1.1363571767642107,1.1363571767642107
671,0.5989032761632479,1.1124578204048514,1.1124578204048514
672,0.7162361211708522,1.0509764368494063,1.0509764368494063
673,0.6532290236685009,1.0828354531276563,1.0828354531276563
674,0.5586145769070793,1.1388828769431227,1.1388828769431227
675,0.5290845145116309,1.1593047434618269,1.1593047434618269
676,0.5262321902872025,1.1617656163205807,1.1617656163205807
677,0.6948647159683814,1.063300061039351,1.063300061039351
678,0.6760901515363096,1.073074805477288,1.073074805477288
679,0.6971897912344696,1.0629811646810523,1.0629811646810523
680,0.5712553128270889,1.133384992528747,1.133384992528747
681,0.5276796823350574,1.1629703284268569,1.1629703284268569
682,0.5810650563785112,1.128074986825626,1.128074986825626
683,0.5939474376081321,1.120603416987905,1.120603416987905
684,0.6342287573098254,1.0977227137990828,1.0977227137990828
685,0.5304932814675422,1.1627126720529015,1.1627126720529015
686,0.5528429728012472,1.1478748768661655,1.1478748768661655
687,0.690408642528527,1.069470416848195,1.069470416848195
688,0.8538832620312746,0.9995150262930297,0.9995150262930297
689,0.6484209314751165,1.0919306983692103,1.0919306983692103
690,0.7362213188958241,1.048811559955876,1.048811559955876
691,0.5650132811066078,1.1419064099108984,1.1419064099108984
692,0.6250189479899976,1.105989117211637,1.105989117211637
693,0.5406252020049493,1.1589253668744206,1.1589253668744206
694,0.7872509065851637,1.0279449300339427,1.0279449300339427
695,0.7735065423968206,1.034092764513316,1.034092764513316
696,0.6476874030750392,1.0948913764458583,1.0948913764458583
697,0.5179835414326809,1.176426834854126,1.176426834854126
698,0.5734772629934832,1.1390870166281684,1.1390870166281684
699,0.5644999937816947,1.1452060914925386,1.1452060914925386
700,0.545217631943436,1.1583657169786024,1.1583657169786024
701,0.6066298542272716,1.119804709881851,1.119804709881851
702,0.6507007351803166,1.0952759999689539,1.0952759999689539
703,0.6022178889593828,1.1230779911692748,1.1230779911692748
704,0.6992622048878069,1.070950851112231,1.070950851112231
705,0.8714558946266856,0.9983822165697515,0.9983822165697515
706,0.8206967594103238,1.0180183602961252,1.0180183602961252
707,0.6538303398207496,1.0951198154042292,1.0951198154042292
708,0.5342873628989123,1.1685209461530144,1.1685209461530144
709,0.49095821483595925,1.2008861323690625,1.2008861323690625
710,0.4425445106328112,1.2417638928768624,1.2417638928768624
711,0.5468052892995204,1.1607681828399528,1.1607681828399528
712,0.46935290280573405,1.2192038563739644,1.2192038563739644
713,0.37227061298212527,1.3133577707183937,1.3133577707183937
714,0.39015297213483513,1.294081994267983,1.294081994267983
715,0.3454878408360426,1.3457209501835132,1.3457209501835132
716,0.3755570562966558,1.310542517819518,1.310542517819518
717,0.5247878780347615,1.1777249196264352,1.1777249196264352
718,0.6546745566809596,1.097486344396485,1.097486344396485
719,0.9785158564212357,0.9652314217887559,0.9652314217887559
720,1.1072478276063065,0.9279786671830806,0.9279786671830806
721,0.9119801415275329,0.9876008174512482,0.9876008174512482
722,0.6942772060676392,1.0778637898211676,1.0778637898211676
723,0.7797164451535052,1.038746382735929,1.038746382735929
724,0.5052174175184934,1.193680892047358,1.193680892047358
725,0.38239225678316385,1.3051715264659338,1.3051715264659338
726,0.5765529185643933,1.1446383707044114,1.1446383707044114
727,0.48197514242401734,1.2123622606438935,1.2123622606438935
728,0.41579464495690616,1.2712167529110874,1.2712167529110874
729,0.35522258616465224,1.3370828336222178,1.3370828336222178
730,0.5015532665210736,1.1974895869010405,1.1974895869010405
731,0.44274751791862327,1.272632246430807,1.272632246430807
732,0.3974559120406426,1.3174957241703036,1.3174957241703036
733,0.28571799128741215,1.4644261317640044,1.4644261317640044
734,0.47476870216372924,1.2449045533491643,1.2449045533491643
735,0.7065901795475608,1.096267421680138,1.096267421680138
736,0.6308094110349808,1.1368928290317382,1.1368928290317382
737,0.5195472524651064,1.2098198196286123,1.2098198196286123
738,0.6044604718588025,1.1526931591135279,1.1526931591135279
739,0.5663458371801492,1.1770447757326796,1.1770447757326796
740,0.9172044928501558,1.0088220997664037,1.0088220997664037
741,0.6278234304016521,1.138983217145691,1.138983217145691
742,0.6286195542592052,1.1385699207106044,1.1385699207106044
743,0.5093198560823566,1.217929807336451,1.217929807336451
744,0.4152072503605113,1.3002498772748223,1.3002498772748223
745,0.5212942418294737,1.2089666574277669,1.2089666574277669
746,0.5434308184252272,1.1930011762645685,1.1930011762645685
747,0.42571214446311234,1.2899503423881102,1.2899503423881102
748,0.384642168605025,1.3325144232446149,1.3325144232446149
749,0.44404400792049636,1.2726550697356034,1.2726550697356034
750,0.5964951813908926,1.1579415547623708,1.1579415547623708
751,0.39423007783524766,1.3220006745675668,1.3220006745675668
752,0.4030141282359606,1.3126736487602404,1.3126736487602404
753,0.5354488905858066,1.1985442217032125,1.1985442217032125
754,0.5742057836876425,1.1719894736680065,1.1719894736680065
755,0.6550315110499668,1.1235692926937377,1.1235692926937377
756,0.5717506866548244,1.1734726980130223,1.1734726980130223
757,0.6268896088968511,1.1393320194854908,1.1393320194854908
758,0.504645949845965,1.2211385405599469,1.2211385405599469
759,0.6135282723655068,1.1470434621088195,1.1470434621088195
760,0.6626852780406302,1.1190044046744894,1.1190044046744894
761,0.6046414776802159,1.1522082539362042,1.1522082539362042
762,0.6627561506893976,1.1187532058272815,1.1187532058272815
763,0.5410896226690278,1.1936459710723428,1.1936459710723428
764,0.45800839161739376,1.2589062432885958,1.2589062432885958
765,0.5379478494819923,1.1955954954469707,1.1955954954469707
766,0.7020614294234747,1.0978079717715603,1.0978079717715603
767,0.5936387497018664,1.1581949212024083,1.1581949212024083
768,0.7734057668352763,1.0640397301111628,1.0640397301111628
769,0.7869284695826797,1.0579995290327497,1.0579995290327497
770,0.9228320584110833,1.0052617647761104,1.0052617647761104
771,0.6208040496386178,1.1410476211621836,1.1410476211621836
772,0.5962117305797879,1.1557104009063943,1.1557104009063943
773,0.46570330814259364,1.2505681098776382,1.2505681098776382
774,0.4940026026809998,1.2269626075254156,1.2269626075254156
775,0.495223210030146,1.2257670526818734,1.2257670526818734
776,0.4079969384906417,1.3039197999803362,1.3039197999803362
777,0.30019326617150743,1.4381589590321413,1.4381589590321413
778,0.3687228035814278,1.3463023385664106,1.3463023385664106
779,0.3463583166899477,1.3732421773144128,1.3732421773144128
780,0.36153565610892036,1.354231951460578,1.354231951460578
781,0.37723617778500634,1.3356375548787367,1.3356375548787367
782,0.3164257586331227,1.4125986417958436,1.4125986417958436
783,0.4548821244429958,1.2574086748677376,1.2574086748677376
784,0.44626770090778173,1.264821782666412,1.264821782666412
785,0.6380202231460521,1.1278365179951648,1.1278365179951648
786,0.8169662371569898,1.0417864041837304,1.0417864041837304
787,0.6811701734159415,1.103902181354265,1.103902181354265
788,0.6879884330524553,1.1001006373213218,1.1001006373213218
789,0.5920659883638214,1.1539408952942607,1.1539408952942607
790,0.6087245248986154,1.1434275004265433,1.1434275004265433
791,0.5591499794153627,1.174608713719387,1.174608713719387
792,0.7317307042381579,1.0774238786688612,1.0774238786688612
793,0.7307862145591516,1.0775578529204741,1.0775578529204741
794,0.9038690083398687,1.0064033208858632,1.0064033208858632
795,1.114797113532769,0.9407913469971637,0.9407913469971637
796,0.8483266203556504,1.0264170101784602,1.0264170101784602
797,0.5193843250124758,1.2005315538565597,1.2005315538565597
798,0.6206175276212367,1.1336794087250461,1.1336794087250461
799,0.5597967710304791,1.1713486339090051,1.1713486339090051
800,0.6381200459668535,1.1229156460141285,1.1229156460141285
801,0.8415896854604703,1.0274054243124457,1.0274054243124457
802,0.9238650750106094,0.9968629737619735,0.9968629737619735
803,0.7197316661098873,1.0794188486852463,1.0794188486852463
804,0.5729179956997185,1.1607738425249674,1.1607738425249674
805,0.744590476613099,1.067024712404024,1.067024712404024
806,0.5956415171262452,1.145623878213991,1.145623878213991
807,0.606052390324842,1.138889304113287,1.138889304113287
808,0.49959552682018515,1.211079780147106,1.211079780147106
809,0.5178035189305032,1.1968569499744395,1.1968569499744395
810,0.5346693204055346,1.1842151305854562,1.1842151305854562
811,0.6185886848336415,1.1298235887327555,1.1298235887327555
812,0.6424465459416168,1.1158129245732673,1.1158129245732673
813,0.7608044069160301,1.0566482709531395,1.0566482709531395
814,0.7641142747032154,1.0547861388944284,1.0547861388944284
815,0.9280591491024155,0.9908019413496384,0.9908019413496384
816,0.9598911392661706,0.9797940130024926,0.9797940130024926
817,1.005420057264242,0.9650019247565357,0.9650019247565357
818,1.055326173475955,0.9497910992812855,0.9497910992812855
819,0.9421340660559825,0.9845258975263825,0.9845258975263825
820,0.8937162041462507,1.0008976445959954,1.0008976445959954
821,0.6418173316569543,1.1123238454446018,1.1123238454446018
822,0.662887441717188,1.1004507356619477,1.1004507356619477
823,0.8376383593502555,1.0206592868906048,1.0206592868906048
824,0.9565029907529345,0.9778359229914203,0.9778359229914203
825,1.0464494896454628,0.9497334107637689,0.9497334107637689
826,0.9201688505211303,0.989234327587964,0.989234327587964
827,0.9239344956704327,0.9875433318966789,0.9875433318966789
828,0.8851631796923711,1.0007781197758603,1.0007781197758603
829,0.9172258425988653,0.9890453907626221,0.9890453907626221
830,0.6081383064060197,1.1275887275002592,1.1275887275002592
831,0.8178162253086154,1.0251892258823156,1.0251892258823156
832,0.8678911482329142,1.0054649933392397,1.0054649933392397
833,0.7044952068427845,1.0744259242861665,1.0744259242861665
834,0.9518748673092274,0.9753785636572908,0.9753785636572908
835,0.9954183696855673,0.961120877069777,0.961120877069777
836,0.9978688519100827,0.959968910157914,0.959968910157914
837,1.1855742206423825,0.9080801661904419,0.9080801661904419
838,1.1305362114127164,0.9216180575325259,0.9216180575325259
839,1.311665264494009,0.8784543982184645,0.8784543982184645
840,0.9138889794650684,0.9857284214426105,0.9857284214426105
841,0.838270586056306,1.012933385939116,1.012933385939116
842,0.9744048239877058,0.9649126513569041,0.9649126513569041
843,1.0210427988369923,0.9501922959931018,0.9501922959931018
844,1.4742729971929545,0.844465308786874,0.844465308786874
845,1.192471398446208,0.9034099084081191,0.9034099084081191
846,1.3927036961172397,0.8592809713945188,0.8592809713945188
847,1.1279637862483496,0.9188776942022634,0.9188776942022634
848,1.6893740762509248,0.8071281678645787,0.8071281678645787
849,1.3059240803231544,0.8760807326225827,0.8760807326225827
850,1.6845674555786152,0.8072075540645499,0.8072075540645499
851,1.8824364869579584,0.7787090757268487,0.7787090757268487
852,1.8466631326606362,0.7831889781899551,0.7831889781899551
853,1.6839037608790344,0.8063334544146122,0.8063334544146122
854,1.491747016748257,0.837876630188866,0.837876630188866
855,1.6184914223450102,0.8159702733848113,0.8159702733848113
856,1.567163568389579,0.824102184929571,0.824102184929571
857,1.8135258342827705,0.7861744751313643,0.7861744751313643
858,1.5628831865679578,0.8241758690045934,0.8241758690045934
859,1.184052674418229,0.9003855172571743,0.9003855172571743
860,1.2189395678657597,0.8917124586265553,0.8917124586265553
861,1.091935747964285,0.9233132555147795,0.9233132555147795
862,0.9902292378558053,0.952293588407568,0.952293588407568
863,0.937870911001631,0.9686254651384835,0.9686254651384835
864,1.1313520941721609,0.9118575309905986,0.9118575309905986
865,1.7147214894382672,0.797947372555607,0.797947372555607
866,2.049244369779563,0.7534344327292425,0.7534344327292425
867,1.2582520918500266,0.8803806226568742,0.8803806226568742
868,1.0041395820041936,0.9459411638457136,0.9459411638457136
869,1.0354010803438911,0.9363690971186069,0.9363690971186069
870,0.6828612520335028,1.0694009635656623,1.0694009635656623
871,0.9851971274140211,0.9507060835457055,0.9507060835457055
872,0.9525676168143343,0.9606725018688667,0.9606725018688667
873,0.99273006501698,0.947733124605071,0.947733124605071
874,0.8424285670962828,0.9985117550831027,0.9985117550831027
875,1.0110132128354874,0.9415753447656181,0.9415753447656181
876,1.1671201504613622,0.8989914922055278,0.8989914922055278
877,1.2055362237435063,0.8894305150684736,0.8894305150684736
878,1.318040503573713,0.8641150011777438,0.8641150011777438
879,1.4578552411366146,0.8364136391977914,0.8364136391977914
880,1.4529544145630886,0.8370511928350848,0.8370511928350848
881,1.5842743464420321,0.8139390516648974,0.8139390516648974
882,1.5202543197308198,0.8245014425853762,0.8245014425853762
883,1.6405824560406235,0.8044042181799781,0.8044042181799781
884,2.0158283154173438,0.7528696998739489,0.7528696998739489
885,1.6985475053655708,0.7950482592527625,0.7950482592527625
886,1.4893979986328718,0.8289541668097585,0.8289541668097585
887,1.1150792962619178,0.909146721847573,0.909146721847573
888,1.2229937620987326,0.8824217308708366,0.8824217308708366
889,1.0757284378255858,0.9191566937715622,0.9191566937715622
890,1.4368681616228283,0.8376175883844639,0.8376175883844639
891,1.4070850739310714,0.8430316405942134,0.8430316405942134
892,1.961881505974573,0.7577757540593569,0.7577757540593569
893,2.7641181537132606,0.6788751860546667,0.6788751860546667
894,2.5415980534531113,0.697185566836602,0.697185566836602
895,2.393315212207751,0.7105582230749737,0.7105582230749737
896,2.1614663481423944,0.7339385881407821,0.7339385881407821
897,1.6423007418055935,0.8011918931407149,0.8011918931407149
898,1.6765196430206866,0.7957477420265008,0.7957477420265008
899,1.4171424026599106,0.8395397637458007,0.8395397637458007
900,1.5710591950654769,0.8121234272518254,0.8121234272518254
901,1.1951288977644772,0.8862243667941333,0.8862243667941333
902,1.0690434363725918,0.9182339731704601,0.9182339731704601
903,1.1984562655363782,0.8850972033824418,0.8850972033824418
904,1.2232557588050614,0.8791551090867991,0.8791551090867991
905,1.3967632392340614,0.8424720097517093,0.8424720097517093
906,1.3408336902192486,0.853417129463861,0.853417129463861
907,1.2575047078109283,0.870978893194816,0.870978893194816
908,1.6643191862753897,0.7961359245287571,0.7961359245287571
909,1.8373945940438812,0.7712110810208814,0.7712110810208814
910,1.7129702865466865,0.7885987490646,0.7885987490646
911,1.8299186466359743,0.7720025868260517,0.7720025868260517
912,1.5736068371161072,0.8100912712609027,0.8100912712609027
913,1.6158610022100524,0.8031528977693231,0.8031528977693231
914,1.4036459399038062,0.8400687067467211,0.8400687067467211
915,1.5300683012547702,0.8171136424959249,0.8171136424959249
916,1.6809654521724935,0.7928057472420762,0.7928057472420762
917,2.1375283300160057,0.73406155339226,0.73406155339226
918,1.6486425128366842,0.7976006350119235,0.7976006350119235
919,1.4128527644164255,0.837914434519715,0.837914434519715
920,1.3309748438499467,0.8540122032436155,0.8540122032436155
921,1.4182664995651353,0.8367711649372812,0.8367711649372812
922,1.6279627820331308,0.8006022856162498,0.8006022856162498
923,1.149676300218674,0.8948201828019621,0.8948201828019621
924,1.0710277051201835,0.9153004934551432,0.9153004934551432
925,1.0236609318500045,0.9286092361777802,0.9286092361777802
926,0.9226648018810677,0.9599641403553832,0.9599641403553832
927,0.9354345908052668,0.9557272644940112,0.9557272644940112
928,1.3829663255070221,0.8433169681541277,0.8433169681541277
929,1.10968682795617,0.9048608163483749,0.9048608163483749
930,1.017158548363844,0.9304220768747196,0.9304220768747196
931,1.2478649912444357,0.8715098255851409,0.8715098255851409
932,1.3504556376829997,0.8497611060445577,0.8497611060445577
933,1.466408691369776,0.8276689506763972,0.8276689506763972
934,1.5248101317065788,0.81741015566585,0.81741015566585
935,1.0118299691686756,0.9320700386120964,0.9320700386120964
936,0.981946113356469,0.9410915466997709,0.9410915466997709
937,0.9561971597916951,0.9491716813708396,0.9491716813708396
938,0.9220707523798594,0.9603255810988951,0.9603255810988951
939,1.187472915484661,0.8857060846871683,0.8857060846871683
940,1.1417552994609574,0.8969640892915056,0.8969640892915056
941,1.0849721028361483,0.9117940185559255,0.9117940185559255
942,1.211785132393838,0.8801765039582302,0.8801765039582302
943,1.2241187247534933,0.8774062964159282,0.8774062964159282
944,1.1061976727212721,0.9063983889520304,0.9063983889520304
945,1.3249893855247152,0.8556220251447757,0.8556220251447757
946,1.338743642915925,0.8528920296126512,0.8528920296126512
947,1.0907025480060553,0.9107967781085224,0.9107967781085224
948,0.8968573793963233,0.9697711589385938,0.9697711589385938
949,0.814012247813014,1.0004491633682642,1.0004491633682642
950,0.8271247388382437,0.9954817577274152,0.9954817577274152
951,1.2739543373253956,0.8670992373325319,0.8670992373325319
952,1.5032393743400128,0.8224962640139251,0.8224962640139251
953,1.4306018889721817,0.8357659909861085,0.8357659909861085
954,1.4208324231578493,0.8377368377511659,0.8377368377511659
955,1.4005777811906681,0.8417370844315993,0.8417370844315993
956,1.5070434033505113,0.8223766808584366,0.8223766808584366
957,2.3406762433318313,0.7144319005428283,0.7144319005428283
958,2.037396776791855,0.747012162153586,0.747012162153586
959,2.3103849957005016,0.7176908548682283,0.7176908548682283
960,1.6849690222599503,0.7941348217785316,0.7941348217785316
961,1.4008872729520696,0.8426448440308837,0.8426448440308837
962,1.3257158132235336,0.8578316033753534,0.8578316033753534
963,1.2176443478438075,0.8816878588357431,0.8816878588357431
964,1.1544761076249843,0.8970487624255393,0.8970487624255393
965,0.9816753782492109,0.9450393900920777,0.9450393900920777
966,1.1231592653569509,0.9054018046080667,0.9054018046080667
967,1.2681502575071206,0.8711108424690671,0.8711108424690671
968,1.2546655183571298,0.8743132192978902,0.8743132192978902
969,0.9551579285948499,0.9542942995612942,0.9542942995612942
970,0.9268537170761969,0.9637749194570349,0.9637749194570349
971,1.2403989585846424,0.878202676712119,0.878202676712119
972,0.8791923644175174,0.9807201571505129,0.9807201571505129
973,0.9638236067383548,0.9525605665384669,0.9525605665384669
974,1.1895720001563332,0.8907768654190881,0.8907768654190881
975,1.197985157794232,0.8890248373434536,0.8890248373434536
976,1.0617203289244814,0.9243186362985216,0.9243186362985216
977,1.2111410686421722,0.886444205738165,0.886444205738165
978,1.3268561966326715,0.861193978099068,0.861193978099068
979,1.5206096896674453,0.8246922806189846,0.8246922806189846
980,1.6856972792984,0.7981843137041199,0.7981843137041199
981,1.4652231942380558,0.8350654273800314,0.8350654273800314
982,1.560439423724361,0.8186716176457451,0.8186716176457451
983,1.8087516933416894,0.7811392237329042,0.7811392237329042
984,1.5755607227068673,0.8166826260995967,0.8166826260995967
985,1.3076261488141934,0.8671665419615974,0.8671665419615974
986,1.6315460489086229,0.8081500086323824,0.8081500086323824
987,1.7657858666274213,0.788228011339488,0.788228011339488
988,1.9930014119098312,0.7585419188103949,0.7585419188103949
989,2.211914903789081,0.733918413521943,0.733918413521943
990,2.1179369806374035,0.7444487255373866,0.7444487255373866
991,2.01277502460386,0.7569502792634651,0.7569502792634651
992,1.4686001968179443,0.8375853763691241,0.8375853763691241
993,1.1976675702182606,0.8943932517762364,0.8943932517762364
994,1.2669344183615925,0.8787678123295813,0.8787678123295813
995,0.9845671363546947,0.9529666244232926,0.9529666244232926
996,0.9728186459422841,0.9569914924183295,0.9569914924183295
997,0.9588185422554898,0.9618027353237885,0.9618027353237885
998,0.8451132786518892,1.0018288237178263,1.0018288237178263
999,0.7624480951025591,1.0357736220851672,1.0357736220851672
1000,0.8194172534750301,1.0125523760140867,1.0125523760140867
1001,1.0828425018138683,0.9265019424545218,0.9265019424545218
1002,1.1200563614747296,0.9168950331619524,0.9168950331619524
1003,1.1383920214362757,0.9125005785185848,0.9125005785185848
1004,1.2278333095322542,0.8910314612502233,0.8910314612502233
1005,1.1349492290799066,0.9141073626769173,0.9141073626769173
1006,1.0703089300319677,0.9317933500251292,0.9317933500251292
1007,0.9484845580560956,0.9689168744842592,0.9689168744842592
1008,1.2542353716804553,0.8863991481616964,0.8863991481616964
1009,1.0804872932265983,0.9300953008913101,0.9300953008913101
1010,0.892980440532784,0.9889904197300865,0.9889904197300865
1011,0.9081366786776194,0.9840778969988652,0.9840778969988652
1012,0.7713714753368006,1.0372666724102049,1.0372666724102049
1013,0.7481951218259189,1.04786998366969,1.04786998366969
1014,1.000147629468748,0.9553213251166273,0.9553213251166273
1015,1.0583107969887484,0.9385814523308591,0.9385814523308591
1016,1.029727721156661,0.9472302857229743,0.9472302857229743
1017,0.7678395402749586,1.0409239872840816,1.0409239872840816
1018,0.9478459130210851,0.9734833756276974,0.9734833756276974
1019,0.9260888057215626,0.9811490672171131,0.9811490672171131
1020,0.8972179981757836,0.9915527582529463,0.9915527582529463
1021,0.97344005726817,0.9664149483162479,0.9664149483162479
1022,1.1509262881997198,0.9163614379766025,0.9163614379766025
1023,0.9038894272597646,0.9904316069193271,0.9904316069193271
1024,0.6308867408564579,1.1116708794400791,1.1116708794400791
1025,0.8072814869900539,1.0277602611250616,1.0277602611250616
1026,0.6289696694255217,1.1136718876109815,1.1136718876109815
1027,0.9159164752384342,0.9878785908584148,0.9878785908584148
1028,0.9473557196229347,0.9776685647426694,0.9776685647426694
1029,0.7845869271894964,1.0388879835364588,1.0388879835364588
1030,0.6772716846929301,1.0893999394279201,1.0893999394279201
1031,0.6912288307807992,1.0827536180643689,1.0827536180643689
1032,0.7680759963588817,1.0472634069307316,1.0472634069307316
1033,0.8872513391738924,1.000429309716993,1.000429309716993
1034,0.8478139024861636,1.015501610350287,1.015501610350287
1035,0.7927896573821652,1.0379609400008152,1.0379609400008152
1036,0.8216348176914807,1.026569571551177,1.026569571551177
1037,0.97754579691171,0.9714378343958041,0.9714378343958041
1038,0.7805757148015605,1.044379953285546,1.044379953285546
1039,0.5426082491187304,1.1737274541377525,1.1737274541377525
1040,0.6480349331702893,1.1093333154368135,1.1093333154368135
1041,0.7435322028469459,1.0620067581998243,1.0620067581998243
1042,0.779009472699568,1.0466902193835863,1.0466902193835863
1043,0.7604421028872353,1.0552083631039806,1.0552083631039806
1044,0.6174660084998247,1.1283650825197515,1.1283650825197515
1045,0.6002378432517205,1.1390625662567826,1.1390625662567826
1046,0.5599732639808463,1.1650955425546268,1.1650955425546268
1047,0.541051001813105,1.178424022696796,1.178424022696796
1048,0.43060093032428703,1.268221871555912,1.268221871555912
1049,0.5475559398739723,1.174795165038692,1.174795165038692
1050,0.5962746604264717,1.1436023977139251,1.1436023977139251
1051,0.7686159110376454,1.0547463876594694,1.0547463876594694
1052,0.6842415587632057,1.0951249235826908,1.0951249235826908
1053,0.6765653877902033,1.099475711613345,1.099475711613345
1054,0.7556143925796449,1.0616495346111836,1.0616495346111836
1055,0.6794168236372703,1.0987640858430734,1.0987640858430734
1056,0.6874666299856617,1.0950064625021143,1.0950064625021143
1057,0.9301593533382254,0.9943659364217392,0.9943659364217392
1058,0.6547216870322291,1.1129920154975281,1.1129920154975281
1059,0.7629583239309884,1.060165635168005,1.060165635168005
1060,0.6906774970655846,1.0948327978837529,1.0948327978837529
1061,0.8162359682939251,1.0381852796828712,1.0381852796828712
1062,0.4782100581299053,1.2322986261178328,1.2322986261178328
1063,0.6141005038183469,1.1378719256669991,1.1378719256669991
1064,0.6670894513127846,1.1084730221733305,1.1084730221733305
1065,0.6194866173348575,1.1353918290119365,1.1353918290119365
1066,0.6910708395508461,1.096676653340799,1.096676653340799
1067,0.80551402573811,1.044504013013448,1.044504013013448
1068,1.0120757520098553,0.971204842954148,0.971204842954148
1069,0.6176527987909258,1.1377951184250152,1.1377951184250152
1070,0.6827374785816727,1.1022042744247946,1.1022042744247946
1071,0.5919084682480048,1.154039155059168,1.154039155059168
1072,0.504211119267641,1.215129056527485,1.215129056527485
1073,0.6634645927887644,1.1132448909505948,1.1132448909505948
1074,0.5945669786503824,1.1532932463868693,1.1532932463868693
1075,0.543214889681018,1.1874142094985864,1.1874142094985864
1076,0.5641169729024681,1.1734423249506667,1.1734423249506667
1077,0.5773238703035808,1.1650641697404904,1.1650641697404904
1078,0.6845934222841094,1.1034871974731832,1.1034871974731832
1079,0.5148332342599059,1.2091260712270455,1.2091260712270455
1080,0.4798663154392037,1.2369237678848823,1.2369237678848823
1081,0.5381332284560963,1.1926433561032375,1.1926433561032375
1082,0.6503722757921172,1.1227285150030513,1.1227285150030513
1083,0.7313616072455825,1.0815656930859125,1.0815656930859125
1084,0.5046292368363018,1.2181756626532116,1.2181756626532116
1085,0.44806191157660136,1.2656571943627144,1.2656571943627144
1086,0.48781627501058755,1.231920470925024,1.231920470925024
1087,0.48454567403113225,1.2347960243366554,1.2347960243366554
1088,0.5173333786710133,1.2094018455149163,1.2094018455149163
1089,0.5800587840324192,1.1661064044930582,1.1661064044930582
1090,0.6319330491738067,1.1347591094322338,1.1347591094322338
1091,0.5972892611406971,1.1555949910293661,1.1555949910293661
1092,0.7379389820458127,1.0801440294227742,1.0801440294227742
1093,0.783313502551876,1.059862136794229,1.059862136794229
1094,0.6810570811299956,1.1085306167420075,1.1085306167420075
1095,0.6409438117610204,1.1304171546082775,1.1304171546082775
